ba_name,freq,fuel_name,gen_MW,market,timestamp
CAISO,1hr,wind,2252.83,DAHR,2017-10-01 19:00:00+00:00
CAISO,1hr,solar,9173.29,DAHR,2017-10-01 19:00:00+00:00
CAISO,1hr,wind,2867.64,DAHR,2017-10-01 21:00:00+00:00
CAISO,1hr,solar,9137.89,DAHR,2017-10-01 21:00:00+00:00
CAISO,1hr,wind,1965.63,DAHR,2017-10-01 18:00:00+00:00
CAISO,1hr,solar,9195.86,DAHR,2017-10-01 18:00:00+00:00
CAISO,1hr,wind,3180.3999999999996,DAHR,2017-10-02 01:00:00+00:00
CAISO,1hr,solar,350.21000000000004,DAHR,2017-10-02 01:00:00+00:00
CAISO,1hr,wind,1746.01,DAHR,2017-10-01 17:00:00+00:00
CAISO,1hr,solar,9062.31,DAHR,2017-10-01 17:00:00+00:00
CAISO,1hr,wind,3628.99,DAHR,2017-10-02 06:00:00+00:00
CAISO,1hr,solar,0.0,DAHR,2017-10-02 06:00:00+00:00
CAISO,1hr,wind,1803.69,DAHR,2017-10-01 16:00:00+00:00
CAISO,1hr,solar,8362.199999999999,DAHR,2017-10-01 16:00:00+00:00
CAISO,1hr,wind,3103.54,DAHR,2017-10-01 22:00:00+00:00
CAISO,1hr,solar,8768.29,DAHR,2017-10-01 22:00:00+00:00
CAISO,1hr,wind,1877.34,DAHR,2017-10-01 15:00:00+00:00
CAISO,1hr,solar,6206.57,DAHR,2017-10-01 15:00:00+00:00
CAISO,1hr,wind,3515.42,DAHR,2017-10-02 05:00:00+00:00
CAISO,1hr,solar,0.0,DAHR,2017-10-02 05:00:00+00:00
CAISO,1hr,wind,1953.02,DAHR,2017-10-01 14:00:00+00:00
CAISO,1hr,solar,1711.99,DAHR,2017-10-01 14:00:00+00:00
CAISO,1hr,wind,3251.27,DAHR,2017-10-02 00:00:00+00:00
CAISO,1hr,solar,3787.2799999999997,DAHR,2017-10-02 00:00:00+00:00
CAISO,1hr,wind,2100.9,DAHR,2017-10-01 13:00:00+00:00
CAISO,1hr,solar,24.05,DAHR,2017-10-01 13:00:00+00:00
CAISO,1hr,wind,3366.91,DAHR,2017-10-02 04:00:00+00:00
CAISO,1hr,solar,0.0,DAHR,2017-10-02 04:00:00+00:00
CAISO,1hr,wind,2242.35,DAHR,2017-10-01 12:00:00+00:00
CAISO,1hr,solar,0.0,DAHR,2017-10-01 12:00:00+00:00
CAISO,1hr,wind,2588.32,DAHR,2017-10-01 20:00:00+00:00
CAISO,1hr,solar,9177.32,DAHR,2017-10-01 20:00:00+00:00
CAISO,1hr,wind,2374.0,DAHR,2017-10-01 11:00:00+00:00
CAISO,1hr,solar,0.0,DAHR,2017-10-01 11:00:00+00:00
CAISO,1hr,wind,3275.98,DAHR,2017-10-02 03:00:00+00:00
CAISO,1hr,solar,0.0,DAHR,2017-10-02 03:00:00+00:00
CAISO,1hr,wind,2523.91,DAHR,2017-10-01 10:00:00+00:00
CAISO,1hr,solar,0.0,DAHR,2017-10-01 10:00:00+00:00
CAISO,1hr,wind,3214.7999999999997,DAHR,2017-10-01 23:00:00+00:00
CAISO,1hr,solar,7448.06,DAHR,2017-10-01 23:00:00+00:00
CAISO,1hr,wind,2690.56,DAHR,2017-10-01 09:00:00+00:00
CAISO,1hr,solar,0.0,DAHR,2017-10-01 09:00:00+00:00
CAISO,1hr,wind,3216.57,DAHR,2017-10-02 02:00:00+00:00
CAISO,1hr,solar,0.0,DAHR,2017-10-02 02:00:00+00:00
CAISO,1hr,wind,2832.88,DAHR,2017-10-01 08:00:00+00:00
CAISO,1hr,solar,0.0,DAHR,2017-10-01 08:00:00+00:00
CAISO,1hr,wind,2935.23,DAHR,2017-10-01 07:00:00+00:00
CAISO,1hr,solar,0.0,DAHR,2017-10-01 07:00:00+00:00
CAISO,1hr,wind,1058.92,DAHR,2017-10-02 19:00:00+00:00
CAISO,1hr,solar,9193.68,DAHR,2017-10-02 19:00:00+00:00
CAISO,1hr,wind,1265.37,DAHR,2017-10-02 21:00:00+00:00
CAISO,1hr,solar,9157.460000000001,DAHR,2017-10-02 21:00:00+00:00
CAISO,1hr,wind,1089.62,DAHR,2017-10-02 18:00:00+00:00
CAISO,1hr,solar,9233.72,DAHR,2017-10-02 18:00:00+00:00
CAISO,1hr,wind,2029.56,DAHR,2017-10-03 01:00:00+00:00
CAISO,1hr,solar,302.96999999999997,DAHR,2017-10-03 01:00:00+00:00
CAISO,1hr,wind,1191.22,DAHR,2017-10-02 17:00:00+00:00
CAISO,1hr,solar,9124.78,DAHR,2017-10-02 17:00:00+00:00
CAISO,1hr,wind,1620.72,DAHR,2017-10-03 06:00:00+00:00
CAISO,1hr,solar,0.0,DAHR,2017-10-03 06:00:00+00:00
CAISO,1hr,wind,1397.81,DAHR,2017-10-02 16:00:00+00:00
CAISO,1hr,solar,8421.9,DAHR,2017-10-02 16:00:00+00:00
CAISO,1hr,wind,1491.28,DAHR,2017-10-02 22:00:00+00:00
CAISO,1hr,solar,8674.08,DAHR,2017-10-02 22:00:00+00:00
CAISO,1hr,wind,1606.13,DAHR,2017-10-02 15:00:00+00:00
CAISO,1hr,solar,6225.91,DAHR,2017-10-02 15:00:00+00:00
CAISO,1hr,wind,1755.6399999999999,DAHR,2017-10-03 05:00:00+00:00
CAISO,1hr,solar,0.0,DAHR,2017-10-03 05:00:00+00:00
CAISO,1hr,wind,1799.4499999999998,DAHR,2017-10-02 14:00:00+00:00
CAISO,1hr,solar,1716.9799999999998,DAHR,2017-10-02 14:00:00+00:00
CAISO,1hr,wind,2010.3000000000002,DAHR,2017-10-03 00:00:00+00:00
CAISO,1hr,solar,3592.7599999999998,DAHR,2017-10-03 00:00:00+00:00
CAISO,1hr,wind,2174.45,DAHR,2017-10-02 13:00:00+00:00
CAISO,1hr,solar,29.42,DAHR,2017-10-02 13:00:00+00:00
CAISO,1hr,wind,1875.8500000000001,DAHR,2017-10-03 04:00:00+00:00
CAISO,1hr,solar,0.0,DAHR,2017-10-03 04:00:00+00:00
CAISO,1hr,wind,2518.52,DAHR,2017-10-02 12:00:00+00:00
CAISO,1hr,solar,0.0,DAHR,2017-10-02 12:00:00+00:00
CAISO,1hr,wind,1093.0500000000002,DAHR,2017-10-02 20:00:00+00:00
CAISO,1hr,solar,9190.55,DAHR,2017-10-02 20:00:00+00:00
CAISO,1hr,wind,2881.67,DAHR,2017-10-02 11:00:00+00:00
CAISO,1hr,solar,0.0,DAHR,2017-10-02 11:00:00+00:00
CAISO,1hr,wind,1986.0500000000002,DAHR,2017-10-03 03:00:00+00:00
CAISO,1hr,solar,0.0,DAHR,2017-10-03 03:00:00+00:00
CAISO,1hr,wind,3132.88,DAHR,2017-10-02 10:00:00+00:00
CAISO,1hr,solar,0.0,DAHR,2017-10-02 10:00:00+00:00
CAISO,1hr,wind,1851.8600000000001,DAHR,2017-10-02 23:00:00+00:00
CAISO,1hr,solar,7345.360000000001,DAHR,2017-10-02 23:00:00+00:00
CAISO,1hr,wind,3315.88,DAHR,2017-10-02 09:00:00+00:00
CAISO,1hr,solar,0.0,DAHR,2017-10-02 09:00:00+00:00
CAISO,1hr,wind,2043.22,DAHR,2017-10-03 02:00:00+00:00
CAISO,1hr,solar,0.0,DAHR,2017-10-03 02:00:00+00:00
CAISO,1hr,wind,3551.84,DAHR,2017-10-02 08:00:00+00:00
CAISO,1hr,solar,0.0,DAHR,2017-10-02 08:00:00+00:00
CAISO,1hr,wind,3705.29,DAHR,2017-10-02 07:00:00+00:00
CAISO,1hr,solar,0.0,DAHR,2017-10-02 07:00:00+00:00
CAISO,1hr,wind,782.84,DAHR,2017-10-03 19:00:00+00:00
CAISO,1hr,solar,8995.11,DAHR,2017-10-03 19:00:00+00:00
CAISO,1hr,wind,997.03,DAHR,2017-10-03 21:00:00+00:00
CAISO,1hr,solar,8869.65,DAHR,2017-10-03 21:00:00+00:00
CAISO,1hr,wind,671.12,DAHR,2017-10-03 18:00:00+00:00
CAISO,1hr,solar,9029.26,DAHR,2017-10-03 18:00:00+00:00
CAISO,1hr,wind,1354.18,DAHR,2017-10-04 01:00:00+00:00
CAISO,1hr,solar,213.48,DAHR,2017-10-04 01:00:00+00:00
CAISO,1hr,wind,619.37,DAHR,2017-10-03 17:00:00+00:00
CAISO,1hr,solar,8903.17,DAHR,2017-10-03 17:00:00+00:00
CAISO,1hr,wind,1667.48,DAHR,2017-10-04 06:00:00+00:00
CAISO,1hr,solar,0.0,DAHR,2017-10-04 06:00:00+00:00
CAISO,1hr,wind,629.23,DAHR,2017-10-03 16:00:00+00:00
CAISO,1hr,solar,8056.54,DAHR,2017-10-03 16:00:00+00:00
CAISO,1hr,wind,1098.65,DAHR,2017-10-03 22:00:00+00:00
CAISO,1hr,solar,8291.13,DAHR,2017-10-03 22:00:00+00:00
CAISO,1hr,wind,666.52,DAHR,2017-10-03 15:00:00+00:00
CAISO,1hr,solar,5842.139999999999,DAHR,2017-10-03 15:00:00+00:00
CAISO,1hr,wind,1720.66,DAHR,2017-10-04 05:00:00+00:00
CAISO,1hr,solar,0.0,DAHR,2017-10-04 05:00:00+00:00
CAISO,1hr,wind,703.27,DAHR,2017-10-03 14:00:00+00:00
CAISO,1hr,solar,1488.9299999999998,DAHR,2017-10-03 14:00:00+00:00
CAISO,1hr,wind,1315.1599999999999,DAHR,2017-10-04 00:00:00+00:00
CAISO,1hr,solar,3169.1899999999996,DAHR,2017-10-04 00:00:00+00:00
CAISO,1hr,wind,726.9200000000001,DAHR,2017-10-03 13:00:00+00:00
CAISO,1hr,solar,25.509999999999998,DAHR,2017-10-03 13:00:00+00:00
CAISO,1hr,wind,1672.11,DAHR,2017-10-04 04:00:00+00:00
CAISO,1hr,solar,0.0,DAHR,2017-10-04 04:00:00+00:00
CAISO,1hr,wind,792.62,DAHR,2017-10-03 12:00:00+00:00
CAISO,1hr,solar,0.0,DAHR,2017-10-03 12:00:00+00:00
CAISO,1hr,wind,897.86,DAHR,2017-10-03 20:00:00+00:00
CAISO,1hr,solar,8990.49,DAHR,2017-10-03 20:00:00+00:00
CAISO,1hr,wind,884.44,DAHR,2017-10-03 11:00:00+00:00
CAISO,1hr,solar,0.0,DAHR,2017-10-03 11:00:00+00:00
CAISO,1hr,wind,1569.8,DAHR,2017-10-04 03:00:00+00:00
CAISO,1hr,solar,0.0,DAHR,2017-10-04 03:00:00+00:00
CAISO,1hr,wind,963.3499999999999,DAHR,2017-10-03 10:00:00+00:00
CAISO,1hr,solar,0.0,DAHR,2017-10-03 10:00:00+00:00
CAISO,1hr,wind,1223.1100000000001,DAHR,2017-10-03 23:00:00+00:00
CAISO,1hr,solar,6850.08,DAHR,2017-10-03 23:00:00+00:00
CAISO,1hr,wind,1107.42,DAHR,2017-10-03 09:00:00+00:00
CAISO,1hr,solar,0.0,DAHR,2017-10-03 09:00:00+00:00
CAISO,1hr,wind,1461.2,DAHR,2017-10-04 02:00:00+00:00
CAISO,1hr,solar,0.0,DAHR,2017-10-04 02:00:00+00:00
CAISO,1hr,wind,1299.6599999999999,DAHR,2017-10-03 08:00:00+00:00
CAISO,1hr,solar,0.0,DAHR,2017-10-03 08:00:00+00:00
CAISO,1hr,wind,1433.36,DAHR,2017-10-03 07:00:00+00:00
CAISO,1hr,solar,0.0,DAHR,2017-10-03 07:00:00+00:00
CAISO,1hr,wind,194.95,DAHR,2017-10-04 19:00:00+00:00
CAISO,1hr,solar,8976.5,DAHR,2017-10-04 19:00:00+00:00
CAISO,1hr,wind,181.20000000000002,DAHR,2017-10-04 21:00:00+00:00
CAISO,1hr,solar,8896.19,DAHR,2017-10-04 21:00:00+00:00
CAISO,1hr,wind,197.26,DAHR,2017-10-04 18:00:00+00:00
CAISO,1hr,solar,9042.439999999999,DAHR,2017-10-04 18:00:00+00:00
CAISO,1hr,wind,452.24,DAHR,2017-10-05 01:00:00+00:00
CAISO,1hr,solar,213.63,DAHR,2017-10-05 01:00:00+00:00
CAISO,1hr,wind,222.76,DAHR,2017-10-04 17:00:00+00:00
CAISO,1hr,solar,8923.59,DAHR,2017-10-04 17:00:00+00:00
CAISO,1hr,wind,640.91,DAHR,2017-10-05 06:00:00+00:00
CAISO,1hr,solar,0.0,DAHR,2017-10-05 06:00:00+00:00
CAISO,1hr,wind,289.03999999999996,DAHR,2017-10-04 16:00:00+00:00
CAISO,1hr,solar,8103.570000000001,DAHR,2017-10-04 16:00:00+00:00
CAISO,1hr,wind,188.58999999999997,DAHR,2017-10-04 22:00:00+00:00
CAISO,1hr,solar,8352.03,DAHR,2017-10-04 22:00:00+00:00
CAISO,1hr,wind,452.35,DAHR,2017-10-04 15:00:00+00:00
CAISO,1hr,solar,5857.9800000000005,DAHR,2017-10-04 15:00:00+00:00
CAISO,1hr,wind,713.41,DAHR,2017-10-05 05:00:00+00:00
CAISO,1hr,solar,0.0,DAHR,2017-10-05 05:00:00+00:00
CAISO,1hr,wind,668.4100000000001,DAHR,2017-10-04 14:00:00+00:00
CAISO,1hr,solar,1525.87,DAHR,2017-10-04 14:00:00+00:00
CAISO,1hr,wind,254.34,DAHR,2017-10-05 00:00:00+00:00
CAISO,1hr,solar,3145.15,DAHR,2017-10-05 00:00:00+00:00
CAISO,1hr,wind,910.35,DAHR,2017-10-04 13:00:00+00:00
CAISO,1hr,solar,17.5,DAHR,2017-10-04 13:00:00+00:00
CAISO,1hr,wind,715.9,DAHR,2017-10-05 04:00:00+00:00
CAISO,1hr,solar,0.0,DAHR,2017-10-05 04:00:00+00:00
CAISO,1hr,wind,1181.91,DAHR,2017-10-04 12:00:00+00:00
CAISO,1hr,solar,0.0,DAHR,2017-10-04 12:00:00+00:00
CAISO,1hr,wind,193.42,DAHR,2017-10-04 20:00:00+00:00
CAISO,1hr,solar,9001.24,DAHR,2017-10-04 20:00:00+00:00
CAISO,1hr,wind,1493.6399999999999,DAHR,2017-10-04 11:00:00+00:00
CAISO,1hr,solar,0.0,DAHR,2017-10-04 11:00:00+00:00
CAISO,1hr,wind,736.78,DAHR,2017-10-05 03:00:00+00:00
CAISO,1hr,solar,0.0,DAHR,2017-10-05 03:00:00+00:00
CAISO,1hr,wind,1666.74,DAHR,2017-10-04 10:00:00+00:00
CAISO,1hr,solar,0.0,DAHR,2017-10-04 10:00:00+00:00
CAISO,1hr,wind,213.15,DAHR,2017-10-04 23:00:00+00:00
CAISO,1hr,solar,6906.4800000000005,DAHR,2017-10-04 23:00:00+00:00
CAISO,1hr,wind,1824.6100000000001,DAHR,2017-10-04 09:00:00+00:00
CAISO,1hr,solar,0.0,DAHR,2017-10-04 09:00:00+00:00
CAISO,1hr,wind,699.85,DAHR,2017-10-05 02:00:00+00:00
CAISO,1hr,solar,0.0,DAHR,2017-10-05 02:00:00+00:00
CAISO,1hr,wind,1943.8600000000001,DAHR,2017-10-04 08:00:00+00:00
CAISO,1hr,solar,0.0,DAHR,2017-10-04 08:00:00+00:00
CAISO,1hr,wind,2040.56,DAHR,2017-10-04 07:00:00+00:00
CAISO,1hr,solar,0.0,DAHR,2017-10-04 07:00:00+00:00
CAISO,1hr,wind,274.98,DAHR,2017-10-05 19:00:00+00:00
CAISO,1hr,solar,8945.97,DAHR,2017-10-05 19:00:00+00:00
CAISO,1hr,wind,294.14,DAHR,2017-10-05 21:00:00+00:00
CAISO,1hr,solar,8920.28,DAHR,2017-10-05 21:00:00+00:00
CAISO,1hr,wind,269.8,DAHR,2017-10-05 18:00:00+00:00
CAISO,1hr,solar,9017.99,DAHR,2017-10-05 18:00:00+00:00
CAISO,1hr,wind,863.65,DAHR,2017-10-06 01:00:00+00:00
CAISO,1hr,solar,187.67,DAHR,2017-10-06 01:00:00+00:00
CAISO,1hr,wind,281.81,DAHR,2017-10-05 17:00:00+00:00
CAISO,1hr,solar,8883.759999999998,DAHR,2017-10-05 17:00:00+00:00
CAISO,1hr,wind,882.09,DAHR,2017-10-06 06:00:00+00:00
CAISO,1hr,solar,0.0,DAHR,2017-10-06 06:00:00+00:00
CAISO,1hr,wind,346.02,DAHR,2017-10-05 16:00:00+00:00
CAISO,1hr,solar,8092.01,DAHR,2017-10-05 16:00:00+00:00
CAISO,1hr,wind,352.75,DAHR,2017-10-05 22:00:00+00:00
CAISO,1hr,solar,8390.71,DAHR,2017-10-05 22:00:00+00:00
CAISO,1hr,wind,491.48,DAHR,2017-10-05 15:00:00+00:00
CAISO,1hr,solar,5887.1900000000005,DAHR,2017-10-05 15:00:00+00:00
CAISO,1hr,wind,976.1800000000001,DAHR,2017-10-06 05:00:00+00:00
CAISO,1hr,solar,0.0,DAHR,2017-10-06 05:00:00+00:00
CAISO,1hr,wind,654.78,DAHR,2017-10-05 14:00:00+00:00
CAISO,1hr,solar,1540.8300000000002,DAHR,2017-10-05 14:00:00+00:00
CAISO,1hr,wind,612.46,DAHR,2017-10-06 00:00:00+00:00
CAISO,1hr,solar,2985.73,DAHR,2017-10-06 00:00:00+00:00
CAISO,1hr,wind,709.25,DAHR,2017-10-05 13:00:00+00:00
CAISO,1hr,solar,19.939999999999998,DAHR,2017-10-05 13:00:00+00:00
CAISO,1hr,wind,1037.05,DAHR,2017-10-06 04:00:00+00:00
CAISO,1hr,solar,0.0,DAHR,2017-10-06 04:00:00+00:00
CAISO,1hr,wind,741.24,DAHR,2017-10-05 12:00:00+00:00
CAISO,1hr,solar,0.0,DAHR,2017-10-05 12:00:00+00:00
CAISO,1hr,wind,272.12,DAHR,2017-10-05 20:00:00+00:00
CAISO,1hr,solar,8977.95,DAHR,2017-10-05 20:00:00+00:00
CAISO,1hr,wind,794.86,DAHR,2017-10-05 11:00:00+00:00
CAISO,1hr,solar,0.0,DAHR,2017-10-05 11:00:00+00:00
CAISO,1hr,wind,1125.07,DAHR,2017-10-06 03:00:00+00:00
CAISO,1hr,solar,0.0,DAHR,2017-10-06 03:00:00+00:00
CAISO,1hr,wind,888.78,DAHR,2017-10-05 10:00:00+00:00
CAISO,1hr,solar,0.0,DAHR,2017-10-05 10:00:00+00:00
CAISO,1hr,wind,438.06,DAHR,2017-10-05 23:00:00+00:00
CAISO,1hr,solar,6917.99,DAHR,2017-10-05 23:00:00+00:00
CAISO,1hr,wind,965.66,DAHR,2017-10-05 09:00:00+00:00
CAISO,1hr,solar,0.0,DAHR,2017-10-05 09:00:00+00:00
CAISO,1hr,wind,1107.3600000000001,DAHR,2017-10-06 02:00:00+00:00
CAISO,1hr,solar,0.0,DAHR,2017-10-06 02:00:00+00:00
CAISO,1hr,wind,1029.3600000000001,DAHR,2017-10-05 08:00:00+00:00
CAISO,1hr,solar,0.0,DAHR,2017-10-05 08:00:00+00:00
CAISO,1hr,wind,1022.96,DAHR,2017-10-05 07:00:00+00:00
CAISO,1hr,solar,0.0,DAHR,2017-10-05 07:00:00+00:00
CAISO,1hr,wind,580.07,DAHR,2017-10-06 19:00:00+00:00
CAISO,1hr,solar,8913.98,DAHR,2017-10-06 19:00:00+00:00
CAISO,1hr,wind,475.28,DAHR,2017-10-06 21:00:00+00:00
CAISO,1hr,solar,8881.54,DAHR,2017-10-06 21:00:00+00:00
CAISO,1hr,wind,596.16,DAHR,2017-10-06 18:00:00+00:00
CAISO,1hr,solar,9001.64,DAHR,2017-10-06 18:00:00+00:00
CAISO,1hr,wind,383.39,DAHR,2017-10-07 01:00:00+00:00
CAISO,1hr,solar,145.22,DAHR,2017-10-07 01:00:00+00:00
CAISO,1hr,wind,595.9300000000001,DAHR,2017-10-06 17:00:00+00:00
CAISO,1hr,solar,8879.019999999999,DAHR,2017-10-06 17:00:00+00:00
CAISO,1hr,wind,575.83,DAHR,2017-10-07 06:00:00+00:00
CAISO,1hr,solar,0.0,DAHR,2017-10-07 06:00:00+00:00
CAISO,1hr,wind,460.80999999999995,DAHR,2017-10-06 16:00:00+00:00
CAISO,1hr,solar,8103.999999999999,DAHR,2017-10-06 16:00:00+00:00
CAISO,1hr,wind,414.9,DAHR,2017-10-06 22:00:00+00:00
CAISO,1hr,solar,8353.91,DAHR,2017-10-06 22:00:00+00:00
CAISO,1hr,wind,374.15999999999997,DAHR,2017-10-06 15:00:00+00:00
CAISO,1hr,solar,5845.09,DAHR,2017-10-06 15:00:00+00:00
CAISO,1hr,wind,606.01,DAHR,2017-10-07 05:00:00+00:00
CAISO,1hr,solar,0.0,DAHR,2017-10-07 05:00:00+00:00
CAISO,1hr,wind,344.88,DAHR,2017-10-06 14:00:00+00:00
CAISO,1hr,solar,1515.59,DAHR,2017-10-06 14:00:00+00:00
CAISO,1hr,wind,343.48,DAHR,2017-10-07 00:00:00+00:00
CAISO,1hr,solar,2807.5299999999997,DAHR,2017-10-07 00:00:00+00:00
CAISO,1hr,wind,341.45000000000005,DAHR,2017-10-06 13:00:00+00:00
CAISO,1hr,solar,21.08,DAHR,2017-10-06 13:00:00+00:00
CAISO,1hr,wind,600.56,DAHR,2017-10-07 04:00:00+00:00
CAISO,1hr,solar,0.0,DAHR,2017-10-07 04:00:00+00:00
CAISO,1hr,wind,368.67,DAHR,2017-10-06 12:00:00+00:00
CAISO,1hr,solar,0.0,DAHR,2017-10-06 12:00:00+00:00
CAISO,1hr,wind,543.87,DAHR,2017-10-06 20:00:00+00:00
CAISO,1hr,solar,8949.54,DAHR,2017-10-06 20:00:00+00:00
CAISO,1hr,wind,409.45,DAHR,2017-10-06 11:00:00+00:00
CAISO,1hr,solar,0.0,DAHR,2017-10-06 11:00:00+00:00
CAISO,1hr,wind,593.65,DAHR,2017-10-07 03:00:00+00:00
CAISO,1hr,solar,0.0,DAHR,2017-10-07 03:00:00+00:00
CAISO,1hr,wind,476.27,DAHR,2017-10-06 10:00:00+00:00
CAISO,1hr,solar,0.0,DAHR,2017-10-06 10:00:00+00:00
CAISO,1hr,wind,368.5,DAHR,2017-10-06 23:00:00+00:00
CAISO,1hr,solar,6790.969999999999,DAHR,2017-10-06 23:00:00+00:00
CAISO,1hr,wind,560.94,DAHR,2017-10-06 09:00:00+00:00
CAISO,1hr,solar,0.0,DAHR,2017-10-06 09:00:00+00:00
CAISO,1hr,wind,550.2,DAHR,2017-10-07 02:00:00+00:00
CAISO,1hr,solar,0.0,DAHR,2017-10-07 02:00:00+00:00
CAISO,1hr,wind,705.55,DAHR,2017-10-06 08:00:00+00:00
CAISO,1hr,solar,0.0,DAHR,2017-10-06 08:00:00+00:00
CAISO,1hr,wind,844.36,DAHR,2017-10-06 07:00:00+00:00
CAISO,1hr,solar,0.0,DAHR,2017-10-06 07:00:00+00:00
CAISO,1hr,wind,242.82,DAHR,2017-10-07 19:00:00+00:00
CAISO,1hr,solar,8814.61,DAHR,2017-10-07 19:00:00+00:00
CAISO,1hr,wind,411.07,DAHR,2017-10-07 21:00:00+00:00
CAISO,1hr,solar,8777.24,DAHR,2017-10-07 21:00:00+00:00
CAISO,1hr,wind,253.14,DAHR,2017-10-07 18:00:00+00:00
CAISO,1hr,solar,8902.17,DAHR,2017-10-07 18:00:00+00:00
CAISO,1hr,wind,2069.7200000000003,DAHR,2017-10-08 01:00:00+00:00
CAISO,1hr,solar,147.87,DAHR,2017-10-08 01:00:00+00:00
CAISO,1hr,wind,262.0,DAHR,2017-10-07 17:00:00+00:00
CAISO,1hr,solar,8758.859999999999,DAHR,2017-10-07 17:00:00+00:00
CAISO,1hr,wind,2601.75,DAHR,2017-10-08 06:00:00+00:00
CAISO,1hr,solar,0.0,DAHR,2017-10-08 06:00:00+00:00
CAISO,1hr,wind,241.06,DAHR,2017-10-07 16:00:00+00:00
CAISO,1hr,solar,7988.349999999999,DAHR,2017-10-07 16:00:00+00:00
CAISO,1hr,wind,747.1899999999999,DAHR,2017-10-07 22:00:00+00:00
CAISO,1hr,solar,8260.779999999999,DAHR,2017-10-07 22:00:00+00:00
CAISO,1hr,wind,263.03,DAHR,2017-10-07 15:00:00+00:00
CAISO,1hr,solar,5702.869999999999,DAHR,2017-10-07 15:00:00+00:00
CAISO,1hr,wind,2650.0299999999997,DAHR,2017-10-08 05:00:00+00:00
CAISO,1hr,solar,0.0,DAHR,2017-10-08 05:00:00+00:00
CAISO,1hr,wind,285.42,DAHR,2017-10-07 14:00:00+00:00
CAISO,1hr,solar,1451.92,DAHR,2017-10-07 14:00:00+00:00
CAISO,1hr,wind,1653.0,DAHR,2017-10-08 00:00:00+00:00
CAISO,1hr,solar,2718.12,DAHR,2017-10-08 00:00:00+00:00
CAISO,1hr,wind,317.40999999999997,DAHR,2017-10-07 13:00:00+00:00
CAISO,1hr,solar,19.68,DAHR,2017-10-07 13:00:00+00:00
CAISO,1hr,wind,2613.38,DAHR,2017-10-08 04:00:00+00:00
CAISO,1hr,solar,0.0,DAHR,2017-10-08 04:00:00+00:00
CAISO,1hr,wind,368.84000000000003,DAHR,2017-10-07 12:00:00+00:00
CAISO,1hr,solar,0.0,DAHR,2017-10-07 12:00:00+00:00
CAISO,1hr,wind,262.27,DAHR,2017-10-07 20:00:00+00:00
CAISO,1hr,solar,8845.550000000001,DAHR,2017-10-07 20:00:00+00:00
CAISO,1hr,wind,425.36,DAHR,2017-10-07 11:00:00+00:00
CAISO,1hr,solar,0.0,DAHR,2017-10-07 11:00:00+00:00
CAISO,1hr,wind,2545.83,DAHR,2017-10-08 03:00:00+00:00
CAISO,1hr,solar,0.0,DAHR,2017-10-08 03:00:00+00:00
CAISO,1hr,wind,458.73,DAHR,2017-10-07 10:00:00+00:00
CAISO,1hr,solar,0.0,DAHR,2017-10-07 10:00:00+00:00
CAISO,1hr,wind,1250.4499999999998,DAHR,2017-10-07 23:00:00+00:00
CAISO,1hr,solar,6697.42,DAHR,2017-10-07 23:00:00+00:00
CAISO,1hr,wind,499.06,DAHR,2017-10-07 09:00:00+00:00
CAISO,1hr,solar,0.0,DAHR,2017-10-07 09:00:00+00:00
CAISO,1hr,wind,2452.2200000000003,DAHR,2017-10-08 02:00:00+00:00
CAISO,1hr,solar,0.0,DAHR,2017-10-08 02:00:00+00:00
CAISO,1hr,wind,549.6600000000001,DAHR,2017-10-07 08:00:00+00:00
CAISO,1hr,solar,0.0,DAHR,2017-10-07 08:00:00+00:00
CAISO,1hr,wind,541.24,DAHR,2017-10-07 07:00:00+00:00
CAISO,1hr,solar,0.0,DAHR,2017-10-07 07:00:00+00:00
CAISO,1hr,wind,3075.62,DAHR,2017-10-08 19:00:00+00:00
CAISO,1hr,solar,8843.86,DAHR,2017-10-08 19:00:00+00:00
CAISO,1hr,wind,3686.29,DAHR,2017-10-08 21:00:00+00:00
CAISO,1hr,solar,8805.41,DAHR,2017-10-08 21:00:00+00:00
CAISO,1hr,wind,2822.6400000000003,DAHR,2017-10-08 18:00:00+00:00
CAISO,1hr,solar,8935.16,DAHR,2017-10-08 18:00:00+00:00
CAISO,1hr,wind,4046.11,DAHR,2017-10-09 01:00:00+00:00
CAISO,1hr,solar,135.67000000000002,DAHR,2017-10-09 01:00:00+00:00
CAISO,1hr,wind,2665.95,DAHR,2017-10-08 17:00:00+00:00
CAISO,1hr,solar,8804.75,DAHR,2017-10-08 17:00:00+00:00
CAISO,1hr,wind,2229.7599999999998,DAHR,2017-10-09 06:00:00+00:00
CAISO,1hr,solar,0.0,DAHR,2017-10-09 06:00:00+00:00
CAISO,1hr,wind,2795.1000000000004,DAHR,2017-10-08 16:00:00+00:00
CAISO,1hr,solar,8019.75,DAHR,2017-10-08 16:00:00+00:00
CAISO,1hr,wind,3897.72,DAHR,2017-10-08 22:00:00+00:00
CAISO,1hr,solar,8253.07,DAHR,2017-10-08 22:00:00+00:00
CAISO,1hr,wind,2839.9700000000003,DAHR,2017-10-08 15:00:00+00:00
CAISO,1hr,solar,5687.86,DAHR,2017-10-08 15:00:00+00:00
CAISO,1hr,wind,2607.71,DAHR,2017-10-09 05:00:00+00:00
CAISO,1hr,solar,0.0,DAHR,2017-10-09 05:00:00+00:00
CAISO,1hr,wind,2828.7200000000003,DAHR,2017-10-08 14:00:00+00:00
CAISO,1hr,solar,1426.0400000000002,DAHR,2017-10-08 14:00:00+00:00
CAISO,1hr,wind,4050.61,DAHR,2017-10-09 00:00:00+00:00
CAISO,1hr,solar,2583.91,DAHR,2017-10-09 00:00:00+00:00
CAISO,1hr,wind,2864.48,DAHR,2017-10-08 13:00:00+00:00
CAISO,1hr,solar,20.25,DAHR,2017-10-08 13:00:00+00:00
CAISO,1hr,wind,3181.1,DAHR,2017-10-09 04:00:00+00:00
CAISO,1hr,solar,0.0,DAHR,2017-10-09 04:00:00+00:00
CAISO,1hr,wind,2883.26,DAHR,2017-10-08 12:00:00+00:00
CAISO,1hr,solar,0.0,DAHR,2017-10-08 12:00:00+00:00
CAISO,1hr,wind,3357.9900000000002,DAHR,2017-10-08 20:00:00+00:00
CAISO,1hr,solar,8885.970000000001,DAHR,2017-10-08 20:00:00+00:00
CAISO,1hr,wind,2916.3,DAHR,2017-10-08 11:00:00+00:00
CAISO,1hr,solar,0.0,DAHR,2017-10-08 11:00:00+00:00
CAISO,1hr,wind,3773.42,DAHR,2017-10-09 03:00:00+00:00
CAISO,1hr,solar,0.0,DAHR,2017-10-09 03:00:00+00:00
CAISO,1hr,wind,2871.44,DAHR,2017-10-08 10:00:00+00:00
CAISO,1hr,solar,0.0,DAHR,2017-10-08 10:00:00+00:00
CAISO,1hr,wind,4015.66,DAHR,2017-10-08 23:00:00+00:00
CAISO,1hr,solar,6656.18,DAHR,2017-10-08 23:00:00+00:00
CAISO,1hr,wind,2845.11,DAHR,2017-10-08 09:00:00+00:00
CAISO,1hr,solar,0.0,DAHR,2017-10-08 09:00:00+00:00
CAISO,1hr,wind,4013.79,DAHR,2017-10-09 02:00:00+00:00
CAISO,1hr,solar,0.0,DAHR,2017-10-09 02:00:00+00:00
CAISO,1hr,wind,2873.3900000000003,DAHR,2017-10-08 08:00:00+00:00
CAISO,1hr,solar,0.0,DAHR,2017-10-08 08:00:00+00:00
CAISO,1hr,wind,2889.46,DAHR,2017-10-08 07:00:00+00:00
CAISO,1hr,solar,0.0,DAHR,2017-10-08 07:00:00+00:00
CAISO,1hr,wind,1100.8600000000001,DAHR,2017-10-09 19:00:00+00:00
CAISO,1hr,solar,8843.89,DAHR,2017-10-09 19:00:00+00:00
CAISO,1hr,wind,903.36,DAHR,2017-10-09 21:00:00+00:00
CAISO,1hr,solar,8772.52,DAHR,2017-10-09 21:00:00+00:00
CAISO,1hr,wind,1196.04,DAHR,2017-10-09 18:00:00+00:00
CAISO,1hr,solar,8927.65,DAHR,2017-10-09 18:00:00+00:00
CAISO,1hr,wind,595.2,DAHR,2017-10-10 01:00:00+00:00
CAISO,1hr,solar,116.69999999999999,DAHR,2017-10-10 01:00:00+00:00
CAISO,1hr,wind,1281.82,DAHR,2017-10-09 17:00:00+00:00
CAISO,1hr,solar,8799.289999999999,DAHR,2017-10-09 17:00:00+00:00
CAISO,1hr,wind,402.98,DAHR,2017-10-10 06:00:00+00:00
CAISO,1hr,solar,0.0,DAHR,2017-10-10 06:00:00+00:00
CAISO,1hr,wind,1281.8400000000001,DAHR,2017-10-09 16:00:00+00:00
CAISO,1hr,solar,7989.710000000001,DAHR,2017-10-09 16:00:00+00:00
CAISO,1hr,wind,821.51,DAHR,2017-10-09 22:00:00+00:00
CAISO,1hr,solar,8233.51,DAHR,2017-10-09 22:00:00+00:00
CAISO,1hr,wind,1274.42,DAHR,2017-10-09 15:00:00+00:00
CAISO,1hr,solar,5634.49,DAHR,2017-10-09 15:00:00+00:00
CAISO,1hr,wind,432.70000000000005,DAHR,2017-10-10 05:00:00+00:00
CAISO,1hr,solar,0.0,DAHR,2017-10-10 05:00:00+00:00
CAISO,1hr,wind,1327.6,DAHR,2017-10-09 14:00:00+00:00
CAISO,1hr,solar,1382.54,DAHR,2017-10-09 14:00:00+00:00
CAISO,1hr,wind,687.02,DAHR,2017-10-10 00:00:00+00:00
CAISO,1hr,solar,2472.17,DAHR,2017-10-10 00:00:00+00:00
CAISO,1hr,wind,1379.44,DAHR,2017-10-09 13:00:00+00:00
CAISO,1hr,solar,20.140000000000004,DAHR,2017-10-09 13:00:00+00:00
CAISO,1hr,wind,473.38,DAHR,2017-10-10 04:00:00+00:00
CAISO,1hr,solar,0.0,DAHR,2017-10-10 04:00:00+00:00
CAISO,1hr,wind,1505.63,DAHR,2017-10-09 12:00:00+00:00
CAISO,1hr,solar,0.0,DAHR,2017-10-09 12:00:00+00:00
CAISO,1hr,wind,1011.53,DAHR,2017-10-09 20:00:00+00:00
CAISO,1hr,solar,8864.87,DAHR,2017-10-09 20:00:00+00:00
CAISO,1hr,wind,1629.0900000000001,DAHR,2017-10-09 11:00:00+00:00
CAISO,1hr,solar,0.0,DAHR,2017-10-09 11:00:00+00:00
CAISO,1hr,wind,495.6,DAHR,2017-10-10 03:00:00+00:00
CAISO,1hr,solar,0.0,DAHR,2017-10-10 03:00:00+00:00
CAISO,1hr,wind,1674.42,DAHR,2017-10-09 10:00:00+00:00
CAISO,1hr,solar,0.0,DAHR,2017-10-09 10:00:00+00:00
CAISO,1hr,wind,750.6999999999999,DAHR,2017-10-09 23:00:00+00:00
CAISO,1hr,solar,6591.28,DAHR,2017-10-09 23:00:00+00:00
CAISO,1hr,wind,1771.08,DAHR,2017-10-09 09:00:00+00:00
CAISO,1hr,solar,0.0,DAHR,2017-10-09 09:00:00+00:00
CAISO,1hr,wind,545.97,DAHR,2017-10-10 02:00:00+00:00
CAISO,1hr,solar,0.0,DAHR,2017-10-10 02:00:00+00:00
CAISO,1hr,wind,1862.83,DAHR,2017-10-09 08:00:00+00:00
CAISO,1hr,solar,0.0,DAHR,2017-10-09 08:00:00+00:00
CAISO,1hr,wind,1895.1100000000001,DAHR,2017-10-09 07:00:00+00:00
CAISO,1hr,solar,0.0,DAHR,2017-10-09 07:00:00+00:00
CAISO,1hr,wind,303.13,DAHR,2017-10-10 19:00:00+00:00
CAISO,1hr,solar,8829.59,DAHR,2017-10-10 19:00:00+00:00
CAISO,1hr,wind,312.25,DAHR,2017-10-10 21:00:00+00:00
CAISO,1hr,solar,8706.4,DAHR,2017-10-10 21:00:00+00:00
CAISO,1hr,wind,328.25,DAHR,2017-10-10 18:00:00+00:00
CAISO,1hr,solar,8907.74,DAHR,2017-10-10 18:00:00+00:00
CAISO,1hr,wind,577.75,DAHR,2017-10-11 01:00:00+00:00
CAISO,1hr,solar,102.57000000000001,DAHR,2017-10-11 01:00:00+00:00
CAISO,1hr,wind,333.78,DAHR,2017-10-10 17:00:00+00:00
CAISO,1hr,solar,8791.42,DAHR,2017-10-10 17:00:00+00:00
CAISO,1hr,wind,779.71,DAHR,2017-10-11 06:00:00+00:00
CAISO,1hr,solar,0.0,DAHR,2017-10-11 06:00:00+00:00
CAISO,1hr,wind,316.21000000000004,DAHR,2017-10-10 16:00:00+00:00
CAISO,1hr,solar,7957.5599999999995,DAHR,2017-10-10 16:00:00+00:00
CAISO,1hr,wind,378.15,DAHR,2017-10-10 22:00:00+00:00
CAISO,1hr,solar,8098.61,DAHR,2017-10-10 22:00:00+00:00
CAISO,1hr,wind,300.6,DAHR,2017-10-10 15:00:00+00:00
CAISO,1hr,solar,5534.75,DAHR,2017-10-10 15:00:00+00:00
CAISO,1hr,wind,778.21,DAHR,2017-10-11 05:00:00+00:00
CAISO,1hr,solar,0.0,DAHR,2017-10-11 05:00:00+00:00
CAISO,1hr,wind,294.72,DAHR,2017-10-10 14:00:00+00:00
CAISO,1hr,solar,1314.03,DAHR,2017-10-10 14:00:00+00:00
CAISO,1hr,wind,541.6700000000001,DAHR,2017-10-11 00:00:00+00:00
CAISO,1hr,solar,2332.04,DAHR,2017-10-11 00:00:00+00:00
CAISO,1hr,wind,309.61,DAHR,2017-10-10 13:00:00+00:00
CAISO,1hr,solar,14.559999999999999,DAHR,2017-10-10 13:00:00+00:00
CAISO,1hr,wind,744.0799999999999,DAHR,2017-10-11 04:00:00+00:00
CAISO,1hr,solar,0.0,DAHR,2017-10-11 04:00:00+00:00
CAISO,1hr,wind,312.37,DAHR,2017-10-10 12:00:00+00:00
CAISO,1hr,solar,0.0,DAHR,2017-10-10 12:00:00+00:00
CAISO,1hr,wind,284.79999999999995,DAHR,2017-10-10 20:00:00+00:00
CAISO,1hr,solar,8833.0,DAHR,2017-10-10 20:00:00+00:00
CAISO,1hr,wind,306.0,DAHR,2017-10-10 11:00:00+00:00
CAISO,1hr,solar,0.0,DAHR,2017-10-10 11:00:00+00:00
CAISO,1hr,wind,689.94,DAHR,2017-10-11 03:00:00+00:00
CAISO,1hr,solar,0.0,DAHR,2017-10-11 03:00:00+00:00
CAISO,1hr,wind,322.21000000000004,DAHR,2017-10-10 10:00:00+00:00
CAISO,1hr,solar,0.0,DAHR,2017-10-10 10:00:00+00:00
CAISO,1hr,wind,519.48,DAHR,2017-10-10 23:00:00+00:00
CAISO,1hr,solar,6451.049999999999,DAHR,2017-10-10 23:00:00+00:00
CAISO,1hr,wind,365.43,DAHR,2017-10-10 09:00:00+00:00
CAISO,1hr,solar,0.0,DAHR,2017-10-10 09:00:00+00:00
CAISO,1hr,wind,638.9300000000001,DAHR,2017-10-11 02:00:00+00:00
CAISO,1hr,solar,0.0,DAHR,2017-10-11 02:00:00+00:00
CAISO,1hr,wind,363.28000000000003,DAHR,2017-10-10 08:00:00+00:00
CAISO,1hr,solar,0.0,DAHR,2017-10-10 08:00:00+00:00
CAISO,1hr,wind,383.64,DAHR,2017-10-10 07:00:00+00:00
CAISO,1hr,solar,0.0,DAHR,2017-10-10 07:00:00+00:00
CAISO,1hr,wind,2824.85,DAHR,2017-10-12 05:00:00+00:00
CAISO,1hr,solar,0.0,DAHR,2017-10-12 05:00:00+00:00
CAISO,1hr,wind,2772.22,DAHR,2017-10-12 04:00:00+00:00
CAISO,1hr,solar,0.0,DAHR,2017-10-12 04:00:00+00:00
CAISO,1hr,wind,920.55,DAHR,2017-10-11 07:00:00+00:00
CAISO,1hr,solar,0.0,DAHR,2017-10-11 07:00:00+00:00
CAISO,1hr,wind,906.38,DAHR,2017-10-11 08:00:00+00:00
CAISO,1hr,solar,0.0,DAHR,2017-10-11 08:00:00+00:00
CAISO,1hr,wind,943.44,DAHR,2017-10-11 09:00:00+00:00
CAISO,1hr,solar,0.0,DAHR,2017-10-11 09:00:00+00:00
CAISO,1hr,wind,945.61,DAHR,2017-10-11 10:00:00+00:00
CAISO,1hr,solar,0.0,DAHR,2017-10-11 10:00:00+00:00
CAISO,1hr,wind,942.8199999999999,DAHR,2017-10-11 11:00:00+00:00
CAISO,1hr,solar,0.0,DAHR,2017-10-11 11:00:00+00:00
CAISO,1hr,wind,845.59,DAHR,2017-10-11 12:00:00+00:00
CAISO,1hr,solar,0.0,DAHR,2017-10-11 12:00:00+00:00
CAISO,1hr,wind,787.1,DAHR,2017-10-11 13:00:00+00:00
CAISO,1hr,solar,7.949999999999999,DAHR,2017-10-11 13:00:00+00:00
CAISO,1hr,wind,768.41,DAHR,2017-10-11 14:00:00+00:00
CAISO,1hr,solar,1210.74,DAHR,2017-10-11 14:00:00+00:00
CAISO,1hr,wind,722.45,DAHR,2017-10-11 15:00:00+00:00
CAISO,1hr,solar,5224.51,DAHR,2017-10-11 15:00:00+00:00
CAISO,1hr,wind,738.91,DAHR,2017-10-11 16:00:00+00:00
CAISO,1hr,solar,7701.93,DAHR,2017-10-11 16:00:00+00:00
CAISO,1hr,wind,849.78,DAHR,2017-10-11 17:00:00+00:00
CAISO,1hr,solar,8583.47,DAHR,2017-10-11 17:00:00+00:00
CAISO,1hr,wind,1008.77,DAHR,2017-10-11 18:00:00+00:00
CAISO,1hr,solar,8716.03,DAHR,2017-10-11 18:00:00+00:00
CAISO,1hr,wind,1222.42,DAHR,2017-10-11 19:00:00+00:00
CAISO,1hr,solar,8661.0,DAHR,2017-10-11 19:00:00+00:00
CAISO,1hr,wind,1499.73,DAHR,2017-10-11 20:00:00+00:00
CAISO,1hr,solar,8651.37,DAHR,2017-10-11 20:00:00+00:00
CAISO,1hr,wind,1741.38,DAHR,2017-10-11 21:00:00+00:00
CAISO,1hr,solar,8523.64,DAHR,2017-10-11 21:00:00+00:00
CAISO,1hr,wind,1985.4499999999998,DAHR,2017-10-11 22:00:00+00:00
CAISO,1hr,solar,7959.030000000001,DAHR,2017-10-11 22:00:00+00:00
CAISO,1hr,wind,2219.19,DAHR,2017-10-11 23:00:00+00:00
CAISO,1hr,solar,6330.080000000001,DAHR,2017-10-11 23:00:00+00:00
CAISO,1hr,wind,2341.91,DAHR,2017-10-12 00:00:00+00:00
CAISO,1hr,solar,2233.5099999999998,DAHR,2017-10-12 00:00:00+00:00
CAISO,1hr,wind,2431.4900000000002,DAHR,2017-10-12 01:00:00+00:00
CAISO,1hr,solar,94.42,DAHR,2017-10-12 01:00:00+00:00
CAISO,1hr,wind,2574.6899999999996,DAHR,2017-10-12 02:00:00+00:00
CAISO,1hr,solar,0.0,DAHR,2017-10-12 02:00:00+00:00
CAISO,1hr,wind,2695.68,DAHR,2017-10-12 03:00:00+00:00
CAISO,1hr,solar,0.0,DAHR,2017-10-12 03:00:00+00:00
CAISO,1hr,wind,2919.08,DAHR,2017-10-12 06:00:00+00:00
CAISO,1hr,solar,0.0,DAHR,2017-10-12 06:00:00+00:00
CAISO,1hr,wind,917.9300000000001,DAHR,2017-10-12 19:00:00+00:00
CAISO,1hr,solar,8768.73,DAHR,2017-10-12 19:00:00+00:00
CAISO,1hr,wind,1428.25,DAHR,2017-10-12 21:00:00+00:00
CAISO,1hr,solar,8710.529999999999,DAHR,2017-10-12 21:00:00+00:00
CAISO,1hr,wind,836.31,DAHR,2017-10-12 18:00:00+00:00
CAISO,1hr,solar,8844.32,DAHR,2017-10-12 18:00:00+00:00
CAISO,1hr,wind,2446.17,DAHR,2017-10-13 01:00:00+00:00
CAISO,1hr,solar,84.28,DAHR,2017-10-13 01:00:00+00:00
CAISO,1hr,wind,821.8399999999999,DAHR,2017-10-12 17:00:00+00:00
CAISO,1hr,solar,8756.890000000001,DAHR,2017-10-12 17:00:00+00:00
CAISO,1hr,wind,2244.4399999999996,DAHR,2017-10-13 06:00:00+00:00
CAISO,1hr,solar,0.0,DAHR,2017-10-13 06:00:00+00:00
CAISO,1hr,wind,1003.38,DAHR,2017-10-12 16:00:00+00:00
CAISO,1hr,solar,7885.5599999999995,DAHR,2017-10-12 16:00:00+00:00
CAISO,1hr,wind,1847.59,DAHR,2017-10-12 22:00:00+00:00
CAISO,1hr,solar,8126.780000000001,DAHR,2017-10-12 22:00:00+00:00
CAISO,1hr,wind,1227.97,DAHR,2017-10-12 15:00:00+00:00
CAISO,1hr,solar,5375.82,DAHR,2017-10-12 15:00:00+00:00
CAISO,1hr,wind,2306.22,DAHR,2017-10-13 05:00:00+00:00
CAISO,1hr,solar,0.0,DAHR,2017-10-13 05:00:00+00:00
CAISO,1hr,wind,1526.87,DAHR,2017-10-12 14:00:00+00:00
CAISO,1hr,solar,1199.3999999999999,DAHR,2017-10-12 14:00:00+00:00
CAISO,1hr,wind,2340.2999999999997,DAHR,2017-10-13 00:00:00+00:00
CAISO,1hr,solar,2234.37,DAHR,2017-10-13 00:00:00+00:00
CAISO,1hr,wind,1815.44,DAHR,2017-10-12 13:00:00+00:00
CAISO,1hr,solar,5.97,DAHR,2017-10-12 13:00:00+00:00
CAISO,1hr,wind,2403.75,DAHR,2017-10-13 04:00:00+00:00
CAISO,1hr,solar,0.0,DAHR,2017-10-13 04:00:00+00:00
CAISO,1hr,wind,2064.75,DAHR,2017-10-12 12:00:00+00:00
CAISO,1hr,solar,0.0,DAHR,2017-10-12 12:00:00+00:00
CAISO,1hr,wind,1077.21,DAHR,2017-10-12 20:00:00+00:00
CAISO,1hr,solar,8807.42,DAHR,2017-10-12 20:00:00+00:00
CAISO,1hr,wind,2514.2200000000003,DAHR,2017-10-12 11:00:00+00:00
CAISO,1hr,solar,0.0,DAHR,2017-10-12 11:00:00+00:00
CAISO,1hr,wind,2456.7,DAHR,2017-10-13 03:00:00+00:00
CAISO,1hr,solar,0.0,DAHR,2017-10-13 03:00:00+00:00
CAISO,1hr,wind,2735.01,DAHR,2017-10-12 10:00:00+00:00
CAISO,1hr,solar,0.0,DAHR,2017-10-12 10:00:00+00:00
CAISO,1hr,wind,2156.92,DAHR,2017-10-12 23:00:00+00:00
CAISO,1hr,solar,6428.7300000000005,DAHR,2017-10-12 23:00:00+00:00
CAISO,1hr,wind,2894.0299999999997,DAHR,2017-10-12 09:00:00+00:00
CAISO,1hr,solar,0.0,DAHR,2017-10-12 09:00:00+00:00
CAISO,1hr,wind,2497.0,DAHR,2017-10-13 02:00:00+00:00
CAISO,1hr,solar,0.0,DAHR,2017-10-13 02:00:00+00:00
CAISO,1hr,wind,3000.83,DAHR,2017-10-12 08:00:00+00:00
CAISO,1hr,solar,0.0,DAHR,2017-10-12 08:00:00+00:00
CAISO,1hr,wind,2960.3,DAHR,2017-10-12 07:00:00+00:00
CAISO,1hr,solar,0.0,DAHR,2017-10-12 07:00:00+00:00
CAISO,1hr,wind,561.5,DAHR,2017-10-13 19:00:00+00:00
CAISO,1hr,solar,8743.56,DAHR,2017-10-13 19:00:00+00:00
CAISO,1hr,wind,911.31,DAHR,2017-10-13 21:00:00+00:00
CAISO,1hr,solar,8664.92,DAHR,2017-10-13 21:00:00+00:00
CAISO,1hr,wind,494.23,DAHR,2017-10-13 18:00:00+00:00
CAISO,1hr,solar,8802.05,DAHR,2017-10-13 18:00:00+00:00
CAISO,1hr,wind,2039.6,DAHR,2017-10-14 01:00:00+00:00
CAISO,1hr,solar,89.61,DAHR,2017-10-14 01:00:00+00:00
CAISO,1hr,wind,475.17999999999995,DAHR,2017-10-13 17:00:00+00:00
CAISO,1hr,solar,8689.46,DAHR,2017-10-13 17:00:00+00:00
CAISO,1hr,wind,2328.5,DAHR,2017-10-14 06:00:00+00:00
CAISO,1hr,solar,0.0,DAHR,2017-10-14 06:00:00+00:00
CAISO,1hr,wind,531.99,DAHR,2017-10-13 16:00:00+00:00
CAISO,1hr,solar,7833.339999999999,DAHR,2017-10-13 16:00:00+00:00
CAISO,1hr,wind,1224.54,DAHR,2017-10-13 22:00:00+00:00
CAISO,1hr,solar,8064.26,DAHR,2017-10-13 22:00:00+00:00
CAISO,1hr,wind,608.51,DAHR,2017-10-13 15:00:00+00:00
CAISO,1hr,solar,5320.24,DAHR,2017-10-13 15:00:00+00:00
CAISO,1hr,wind,2285.15,DAHR,2017-10-14 05:00:00+00:00
CAISO,1hr,solar,0.0,DAHR,2017-10-14 05:00:00+00:00
CAISO,1hr,wind,697.21,DAHR,2017-10-13 14:00:00+00:00
CAISO,1hr,solar,1173.42,DAHR,2017-10-13 14:00:00+00:00
CAISO,1hr,wind,1845.58,DAHR,2017-10-14 00:00:00+00:00
CAISO,1hr,solar,2122.79,DAHR,2017-10-14 00:00:00+00:00
CAISO,1hr,wind,744.54,DAHR,2017-10-13 13:00:00+00:00
CAISO,1hr,solar,5.14,DAHR,2017-10-13 13:00:00+00:00
CAISO,1hr,wind,2263.1499999999996,DAHR,2017-10-14 04:00:00+00:00
CAISO,1hr,solar,0.0,DAHR,2017-10-14 04:00:00+00:00
CAISO,1hr,wind,816.49,DAHR,2017-10-13 12:00:00+00:00
CAISO,1hr,solar,0.0,DAHR,2017-10-13 12:00:00+00:00
CAISO,1hr,wind,663.68,DAHR,2017-10-13 20:00:00+00:00
CAISO,1hr,solar,8779.48,DAHR,2017-10-13 20:00:00+00:00
CAISO,1hr,wind,868.98,DAHR,2017-10-13 11:00:00+00:00
CAISO,1hr,solar,0.0,DAHR,2017-10-13 11:00:00+00:00
CAISO,1hr,wind,2263.92,DAHR,2017-10-14 03:00:00+00:00
CAISO,1hr,solar,0.0,DAHR,2017-10-14 03:00:00+00:00
CAISO,1hr,wind,960.42,DAHR,2017-10-13 10:00:00+00:00
CAISO,1hr,solar,0.0,DAHR,2017-10-13 10:00:00+00:00
CAISO,1hr,wind,1592.1299999999999,DAHR,2017-10-13 23:00:00+00:00
CAISO,1hr,solar,6295.51,DAHR,2017-10-13 23:00:00+00:00
CAISO,1hr,wind,1072.67,DAHR,2017-10-13 09:00:00+00:00
CAISO,1hr,solar,0.0,DAHR,2017-10-13 09:00:00+00:00
CAISO,1hr,wind,2271.3,DAHR,2017-10-14 02:00:00+00:00
CAISO,1hr,solar,0.0,DAHR,2017-10-14 02:00:00+00:00
CAISO,1hr,wind,1164.45,DAHR,2017-10-13 08:00:00+00:00
CAISO,1hr,solar,0.0,DAHR,2017-10-13 08:00:00+00:00
CAISO,1hr,wind,1316.5500000000002,DAHR,2017-10-13 07:00:00+00:00
CAISO,1hr,solar,0.0,DAHR,2017-10-13 07:00:00+00:00
CAISO,1hr,wind,1231.04,DAHR,2017-10-14 19:00:00+00:00
CAISO,1hr,solar,8745.41,DAHR,2017-10-14 19:00:00+00:00
CAISO,1hr,wind,1006.8199999999999,DAHR,2017-10-14 21:00:00+00:00
CAISO,1hr,solar,8663.460000000001,DAHR,2017-10-14 21:00:00+00:00
CAISO,1hr,wind,1321.4099999999999,DAHR,2017-10-14 18:00:00+00:00
CAISO,1hr,solar,8783.59,DAHR,2017-10-14 18:00:00+00:00
CAISO,1hr,wind,645.1600000000001,DAHR,2017-10-15 01:00:00+00:00
CAISO,1hr,solar,75.99,DAHR,2017-10-15 01:00:00+00:00
CAISO,1hr,wind,1392.48,DAHR,2017-10-14 17:00:00+00:00
CAISO,1hr,solar,8694.939999999999,DAHR,2017-10-14 17:00:00+00:00
CAISO,1hr,wind,459.32,DAHR,2017-10-15 06:00:00+00:00
CAISO,1hr,solar,0.0,DAHR,2017-10-15 06:00:00+00:00
CAISO,1hr,wind,1278.88,DAHR,2017-10-14 16:00:00+00:00
CAISO,1hr,solar,7848.9800000000005,DAHR,2017-10-14 16:00:00+00:00
CAISO,1hr,wind,913.76,DAHR,2017-10-14 22:00:00+00:00
CAISO,1hr,solar,8072.91,DAHR,2017-10-14 22:00:00+00:00
CAISO,1hr,wind,1107.6599999999999,DAHR,2017-10-14 15:00:00+00:00
CAISO,1hr,solar,5307.0199999999995,DAHR,2017-10-14 15:00:00+00:00
CAISO,1hr,wind,495.32,DAHR,2017-10-15 05:00:00+00:00
CAISO,1hr,solar,0.0,DAHR,2017-10-15 05:00:00+00:00
CAISO,1hr,wind,1035.74,DAHR,2017-10-14 14:00:00+00:00
CAISO,1hr,solar,1181.21,DAHR,2017-10-14 14:00:00+00:00
CAISO,1hr,wind,737.4,DAHR,2017-10-15 00:00:00+00:00
CAISO,1hr,solar,2084.1,DAHR,2017-10-15 00:00:00+00:00
CAISO,1hr,wind,1069.9,DAHR,2017-10-14 13:00:00+00:00
CAISO,1hr,solar,4.28,DAHR,2017-10-14 13:00:00+00:00
CAISO,1hr,wind,521.4,DAHR,2017-10-15 04:00:00+00:00
CAISO,1hr,solar,0.0,DAHR,2017-10-15 04:00:00+00:00
CAISO,1hr,wind,1157.5900000000001,DAHR,2017-10-14 12:00:00+00:00
CAISO,1hr,solar,0.0,DAHR,2017-10-14 12:00:00+00:00
CAISO,1hr,wind,1125.3,DAHR,2017-10-14 20:00:00+00:00
CAISO,1hr,solar,8771.13,DAHR,2017-10-14 20:00:00+00:00
CAISO,1hr,wind,1286.65,DAHR,2017-10-14 11:00:00+00:00
CAISO,1hr,solar,0.0,DAHR,2017-10-14 11:00:00+00:00
CAISO,1hr,wind,550.01,DAHR,2017-10-15 03:00:00+00:00
CAISO,1hr,solar,0.0,DAHR,2017-10-15 03:00:00+00:00
CAISO,1hr,wind,1424.25,DAHR,2017-10-14 10:00:00+00:00
CAISO,1hr,solar,0.0,DAHR,2017-10-14 10:00:00+00:00
CAISO,1hr,wind,831.86,DAHR,2017-10-14 23:00:00+00:00
CAISO,1hr,solar,6317.07,DAHR,2017-10-14 23:00:00+00:00
CAISO,1hr,wind,1685.12,DAHR,2017-10-14 09:00:00+00:00
CAISO,1hr,solar,0.0,DAHR,2017-10-14 09:00:00+00:00
CAISO,1hr,wind,557.61,DAHR,2017-10-15 02:00:00+00:00
CAISO,1hr,solar,0.0,DAHR,2017-10-15 02:00:00+00:00
CAISO,1hr,wind,2052.48,DAHR,2017-10-14 08:00:00+00:00
CAISO,1hr,solar,0.0,DAHR,2017-10-14 08:00:00+00:00
CAISO,1hr,wind,2199.74,DAHR,2017-10-14 07:00:00+00:00
CAISO,1hr,solar,0.0,DAHR,2017-10-14 07:00:00+00:00
CAISO,1hr,wind,305.52,DAHR,2017-10-15 19:00:00+00:00
CAISO,1hr,solar,8660.560000000001,DAHR,2017-10-15 19:00:00+00:00
CAISO,1hr,wind,247.88,DAHR,2017-10-15 21:00:00+00:00
CAISO,1hr,solar,8608.46,DAHR,2017-10-15 21:00:00+00:00
CAISO,1hr,wind,344.72,DAHR,2017-10-15 18:00:00+00:00
CAISO,1hr,solar,8720.65,DAHR,2017-10-15 18:00:00+00:00
CAISO,1hr,wind,132.73,DAHR,2017-10-16 01:00:00+00:00
CAISO,1hr,solar,69.34,DAHR,2017-10-16 01:00:00+00:00
CAISO,1hr,wind,365.9,DAHR,2017-10-15 17:00:00+00:00
CAISO,1hr,solar,8652.16,DAHR,2017-10-15 17:00:00+00:00
CAISO,1hr,wind,106.5,DAHR,2017-10-16 06:00:00+00:00
CAISO,1hr,solar,0.0,DAHR,2017-10-16 06:00:00+00:00
CAISO,1hr,wind,344.85,DAHR,2017-10-15 16:00:00+00:00
CAISO,1hr,solar,7832.18,DAHR,2017-10-15 16:00:00+00:00
CAISO,1hr,wind,210.25,DAHR,2017-10-15 22:00:00+00:00
CAISO,1hr,solar,7995.4,DAHR,2017-10-15 22:00:00+00:00
CAISO,1hr,wind,339.04999999999995,DAHR,2017-10-15 15:00:00+00:00
CAISO,1hr,solar,5304.2,DAHR,2017-10-15 15:00:00+00:00
CAISO,1hr,wind,107.83000000000001,DAHR,2017-10-16 05:00:00+00:00
CAISO,1hr,solar,0.0,DAHR,2017-10-16 05:00:00+00:00
CAISO,1hr,wind,330.35,DAHR,2017-10-15 14:00:00+00:00
CAISO,1hr,solar,1159.39,DAHR,2017-10-15 14:00:00+00:00
CAISO,1hr,wind,158.63,DAHR,2017-10-16 00:00:00+00:00
CAISO,1hr,solar,1967.71,DAHR,2017-10-16 00:00:00+00:00
CAISO,1hr,wind,343.98,DAHR,2017-10-15 13:00:00+00:00
CAISO,1hr,solar,4.78,DAHR,2017-10-15 13:00:00+00:00
CAISO,1hr,wind,120.16,DAHR,2017-10-16 04:00:00+00:00
CAISO,1hr,solar,0.0,DAHR,2017-10-16 04:00:00+00:00
CAISO,1hr,wind,354.91999999999996,DAHR,2017-10-15 12:00:00+00:00
CAISO,1hr,solar,0.0,DAHR,2017-10-15 12:00:00+00:00
CAISO,1hr,wind,287.92,DAHR,2017-10-15 20:00:00+00:00
CAISO,1hr,solar,8687.15,DAHR,2017-10-15 20:00:00+00:00
CAISO,1hr,wind,352.46,DAHR,2017-10-15 11:00:00+00:00
CAISO,1hr,solar,0.0,DAHR,2017-10-15 11:00:00+00:00
CAISO,1hr,wind,121.78,DAHR,2017-10-16 03:00:00+00:00
CAISO,1hr,solar,0.0,DAHR,2017-10-16 03:00:00+00:00
CAISO,1hr,wind,368.03,DAHR,2017-10-15 10:00:00+00:00
CAISO,1hr,solar,0.0,DAHR,2017-10-15 10:00:00+00:00
CAISO,1hr,wind,181.97,DAHR,2017-10-15 23:00:00+00:00
CAISO,1hr,solar,6210.580000000001,DAHR,2017-10-15 23:00:00+00:00
CAISO,1hr,wind,372.98,DAHR,2017-10-15 09:00:00+00:00
CAISO,1hr,solar,0.0,DAHR,2017-10-15 09:00:00+00:00
CAISO,1hr,wind,125.07000000000001,DAHR,2017-10-16 02:00:00+00:00
CAISO,1hr,solar,0.0,DAHR,2017-10-16 02:00:00+00:00
CAISO,1hr,wind,381.35,DAHR,2017-10-15 08:00:00+00:00
CAISO,1hr,solar,0.0,DAHR,2017-10-15 08:00:00+00:00
CAISO,1hr,wind,402.79,DAHR,2017-10-15 07:00:00+00:00
CAISO,1hr,solar,0.0,DAHR,2017-10-15 07:00:00+00:00
CAISO,1hr,wind,151.21,DAHR,2017-10-16 19:00:00+00:00
CAISO,1hr,solar,8186.16,DAHR,2017-10-16 19:00:00+00:00
CAISO,1hr,wind,145.33,DAHR,2017-10-16 21:00:00+00:00
CAISO,1hr,solar,8097.620000000001,DAHR,2017-10-16 21:00:00+00:00
CAISO,1hr,wind,155.69,DAHR,2017-10-16 18:00:00+00:00
CAISO,1hr,solar,8252.49,DAHR,2017-10-16 18:00:00+00:00
CAISO,1hr,wind,196.06,DAHR,2017-10-17 01:00:00+00:00
CAISO,1hr,solar,62.84,DAHR,2017-10-17 01:00:00+00:00
CAISO,1hr,wind,163.63,DAHR,2017-10-16 17:00:00+00:00
CAISO,1hr,solar,8164.18,DAHR,2017-10-16 17:00:00+00:00
CAISO,1hr,wind,390.03,DAHR,2017-10-17 06:00:00+00:00
CAISO,1hr,solar,0.0,DAHR,2017-10-17 06:00:00+00:00
CAISO,1hr,wind,141.85,DAHR,2017-10-16 16:00:00+00:00
CAISO,1hr,solar,7347.18,DAHR,2017-10-16 16:00:00+00:00
CAISO,1hr,wind,147.81,DAHR,2017-10-16 22:00:00+00:00
CAISO,1hr,solar,7541.75,DAHR,2017-10-16 22:00:00+00:00
CAISO,1hr,wind,154.76999999999998,DAHR,2017-10-16 15:00:00+00:00
CAISO,1hr,solar,4896.83,DAHR,2017-10-16 15:00:00+00:00
CAISO,1hr,wind,335.17,DAHR,2017-10-17 05:00:00+00:00
CAISO,1hr,solar,0.0,DAHR,2017-10-17 05:00:00+00:00
CAISO,1hr,wind,150.79000000000002,DAHR,2017-10-16 14:00:00+00:00
CAISO,1hr,solar,1080.19,DAHR,2017-10-16 14:00:00+00:00
CAISO,1hr,wind,165.94,DAHR,2017-10-17 00:00:00+00:00
CAISO,1hr,solar,1766.15,DAHR,2017-10-17 00:00:00+00:00
CAISO,1hr,wind,130.59,DAHR,2017-10-16 13:00:00+00:00
CAISO,1hr,solar,5.26,DAHR,2017-10-16 13:00:00+00:00
CAISO,1hr,wind,301.55,DAHR,2017-10-17 04:00:00+00:00
CAISO,1hr,solar,0.0,DAHR,2017-10-17 04:00:00+00:00
CAISO,1hr,wind,124.78,DAHR,2017-10-16 12:00:00+00:00
CAISO,1hr,solar,0.0,DAHR,2017-10-16 12:00:00+00:00
CAISO,1hr,wind,156.27,DAHR,2017-10-16 20:00:00+00:00
CAISO,1hr,solar,8160.009999999999,DAHR,2017-10-16 20:00:00+00:00
CAISO,1hr,wind,119.5,DAHR,2017-10-16 11:00:00+00:00
CAISO,1hr,solar,0.0,DAHR,2017-10-16 11:00:00+00:00
CAISO,1hr,wind,281.15999999999997,DAHR,2017-10-17 03:00:00+00:00
CAISO,1hr,solar,0.0,DAHR,2017-10-17 03:00:00+00:00
CAISO,1hr,wind,104.07,DAHR,2017-10-16 10:00:00+00:00
CAISO,1hr,solar,0.0,DAHR,2017-10-16 10:00:00+00:00
CAISO,1hr,wind,144.05,DAHR,2017-10-16 23:00:00+00:00
CAISO,1hr,solar,5837.2699999999995,DAHR,2017-10-16 23:00:00+00:00
CAISO,1hr,wind,108.16,DAHR,2017-10-16 09:00:00+00:00
CAISO,1hr,solar,0.0,DAHR,2017-10-16 09:00:00+00:00
CAISO,1hr,wind,240.3,DAHR,2017-10-17 02:00:00+00:00
CAISO,1hr,solar,0.0,DAHR,2017-10-17 02:00:00+00:00
CAISO,1hr,wind,107.80999999999999,DAHR,2017-10-16 08:00:00+00:00
CAISO,1hr,solar,0.0,DAHR,2017-10-16 08:00:00+00:00
CAISO,1hr,wind,104.89,DAHR,2017-10-16 07:00:00+00:00
CAISO,1hr,solar,0.0,DAHR,2017-10-16 07:00:00+00:00
CAISO,1hr,wind,619.4,DAHR,2017-10-17 19:00:00+00:00
CAISO,1hr,solar,7279.68,DAHR,2017-10-17 19:00:00+00:00
CAISO,1hr,wind,1282.68,DAHR,2017-10-17 21:00:00+00:00
CAISO,1hr,solar,6857.259999999999,DAHR,2017-10-17 21:00:00+00:00
CAISO,1hr,wind,418.60999999999996,DAHR,2017-10-17 18:00:00+00:00
CAISO,1hr,solar,7379.97,DAHR,2017-10-17 18:00:00+00:00
CAISO,1hr,wind,2077.9900000000002,DAHR,2017-10-18 01:00:00+00:00
CAISO,1hr,solar,41.58,DAHR,2017-10-18 01:00:00+00:00
CAISO,1hr,wind,301.29,DAHR,2017-10-17 17:00:00+00:00
CAISO,1hr,solar,7169.41,DAHR,2017-10-17 17:00:00+00:00
CAISO,1hr,wind,2074.77,DAHR,2017-10-18 06:00:00+00:00
CAISO,1hr,solar,0.0,DAHR,2017-10-18 06:00:00+00:00
CAISO,1hr,wind,323.65,DAHR,2017-10-17 16:00:00+00:00
CAISO,1hr,solar,6401.1900000000005,DAHR,2017-10-17 16:00:00+00:00
CAISO,1hr,wind,1636.95,DAHR,2017-10-17 22:00:00+00:00
CAISO,1hr,solar,6226.219999999999,DAHR,2017-10-17 22:00:00+00:00
CAISO,1hr,wind,392.28000000000003,DAHR,2017-10-17 15:00:00+00:00
CAISO,1hr,solar,4218.51,DAHR,2017-10-17 15:00:00+00:00
CAISO,1hr,wind,2066.41,DAHR,2017-10-18 05:00:00+00:00
CAISO,1hr,solar,0.0,DAHR,2017-10-18 05:00:00+00:00
CAISO,1hr,wind,458.95,DAHR,2017-10-17 14:00:00+00:00
CAISO,1hr,solar,940.9300000000001,DAHR,2017-10-17 14:00:00+00:00
CAISO,1hr,wind,2004.54,DAHR,2017-10-18 00:00:00+00:00
CAISO,1hr,solar,1297.09,DAHR,2017-10-18 00:00:00+00:00
CAISO,1hr,wind,441.59,DAHR,2017-10-17 13:00:00+00:00
CAISO,1hr,solar,4.15,DAHR,2017-10-17 13:00:00+00:00
CAISO,1hr,wind,2113.71,DAHR,2017-10-18 04:00:00+00:00
CAISO,1hr,solar,0.0,DAHR,2017-10-18 04:00:00+00:00
CAISO,1hr,wind,441.44,DAHR,2017-10-17 12:00:00+00:00
CAISO,1hr,solar,0.0,DAHR,2017-10-17 12:00:00+00:00
CAISO,1hr,wind,904.13,DAHR,2017-10-17 20:00:00+00:00
CAISO,1hr,solar,7169.12,DAHR,2017-10-17 20:00:00+00:00
CAISO,1hr,wind,428.64,DAHR,2017-10-17 11:00:00+00:00
CAISO,1hr,solar,0.0,DAHR,2017-10-17 11:00:00+00:00
CAISO,1hr,wind,2137.56,DAHR,2017-10-18 03:00:00+00:00
CAISO,1hr,solar,0.0,DAHR,2017-10-18 03:00:00+00:00
CAISO,1hr,wind,394.32000000000005,DAHR,2017-10-17 10:00:00+00:00
CAISO,1hr,solar,0.0,DAHR,2017-10-17 10:00:00+00:00
CAISO,1hr,wind,1922.3799999999999,DAHR,2017-10-17 23:00:00+00:00
CAISO,1hr,solar,4765.2300000000005,DAHR,2017-10-17 23:00:00+00:00
CAISO,1hr,wind,354.22,DAHR,2017-10-17 09:00:00+00:00
CAISO,1hr,solar,0.0,DAHR,2017-10-17 09:00:00+00:00
CAISO,1hr,wind,2165.37,DAHR,2017-10-18 02:00:00+00:00
CAISO,1hr,solar,0.0,DAHR,2017-10-18 02:00:00+00:00
CAISO,1hr,wind,295.57,DAHR,2017-10-17 08:00:00+00:00
CAISO,1hr,solar,0.0,DAHR,2017-10-17 08:00:00+00:00
CAISO,1hr,wind,258.01,DAHR,2017-10-17 07:00:00+00:00
CAISO,1hr,solar,0.0,DAHR,2017-10-17 07:00:00+00:00
CAISO,1hr,wind,797.01,DAHR,2017-10-18 19:00:00+00:00
CAISO,1hr,solar,7642.4400000000005,DAHR,2017-10-18 19:00:00+00:00
CAISO,1hr,wind,1235.63,DAHR,2017-10-18 21:00:00+00:00
CAISO,1hr,solar,7642.7300000000005,DAHR,2017-10-18 21:00:00+00:00
CAISO,1hr,wind,656.15,DAHR,2017-10-18 18:00:00+00:00
CAISO,1hr,solar,7545.5,DAHR,2017-10-18 18:00:00+00:00
CAISO,1hr,wind,2298.69,DAHR,2017-10-19 01:00:00+00:00
CAISO,1hr,solar,43.300000000000004,DAHR,2017-10-19 01:00:00+00:00
CAISO,1hr,wind,605.27,DAHR,2017-10-18 17:00:00+00:00
CAISO,1hr,solar,7249.250000000001,DAHR,2017-10-18 17:00:00+00:00
CAISO,1hr,wind,2624.57,DAHR,2017-10-19 06:00:00+00:00
CAISO,1hr,solar,0.0,DAHR,2017-10-19 06:00:00+00:00
CAISO,1hr,wind,814.87,DAHR,2017-10-18 16:00:00+00:00
CAISO,1hr,solar,6398.7,DAHR,2017-10-18 16:00:00+00:00
CAISO,1hr,wind,1536.86,DAHR,2017-10-18 22:00:00+00:00
CAISO,1hr,solar,7100.68,DAHR,2017-10-18 22:00:00+00:00
CAISO,1hr,wind,1064.03,DAHR,2017-10-18 15:00:00+00:00
CAISO,1hr,solar,4051.5299999999997,DAHR,2017-10-18 15:00:00+00:00
CAISO,1hr,wind,2486.65,DAHR,2017-10-19 05:00:00+00:00
CAISO,1hr,solar,0.0,DAHR,2017-10-19 05:00:00+00:00
CAISO,1hr,wind,1344.6000000000001,DAHR,2017-10-18 14:00:00+00:00
CAISO,1hr,solar,818.5500000000001,DAHR,2017-10-18 14:00:00+00:00
CAISO,1hr,wind,2149.87,DAHR,2017-10-19 00:00:00+00:00
CAISO,1hr,solar,1523.6000000000001,DAHR,2017-10-19 00:00:00+00:00
CAISO,1hr,wind,1556.86,DAHR,2017-10-18 13:00:00+00:00
CAISO,1hr,solar,3.35,DAHR,2017-10-18 13:00:00+00:00
CAISO,1hr,wind,2477.7,DAHR,2017-10-19 04:00:00+00:00
CAISO,1hr,solar,0.0,DAHR,2017-10-19 04:00:00+00:00
CAISO,1hr,wind,1835.77,DAHR,2017-10-18 12:00:00+00:00
CAISO,1hr,solar,0.0,DAHR,2017-10-18 12:00:00+00:00
CAISO,1hr,wind,984.57,DAHR,2017-10-18 20:00:00+00:00
CAISO,1hr,solar,7709.389999999999,DAHR,2017-10-18 20:00:00+00:00
CAISO,1hr,wind,2029.3300000000002,DAHR,2017-10-18 11:00:00+00:00
CAISO,1hr,solar,0.0,DAHR,2017-10-18 11:00:00+00:00
CAISO,1hr,wind,2451.44,DAHR,2017-10-19 03:00:00+00:00
CAISO,1hr,solar,0.0,DAHR,2017-10-19 03:00:00+00:00
CAISO,1hr,wind,2072.59,DAHR,2017-10-18 10:00:00+00:00
CAISO,1hr,solar,0.0,DAHR,2017-10-18 10:00:00+00:00
CAISO,1hr,wind,1919.65,DAHR,2017-10-18 23:00:00+00:00
CAISO,1hr,solar,5385.84,DAHR,2017-10-18 23:00:00+00:00
CAISO,1hr,wind,2084.43,DAHR,2017-10-18 09:00:00+00:00
CAISO,1hr,solar,0.0,DAHR,2017-10-18 09:00:00+00:00
CAISO,1hr,wind,2404.08,DAHR,2017-10-19 02:00:00+00:00
CAISO,1hr,solar,0.0,DAHR,2017-10-19 02:00:00+00:00
CAISO,1hr,wind,2067.31,DAHR,2017-10-18 08:00:00+00:00
CAISO,1hr,solar,0.0,DAHR,2017-10-18 08:00:00+00:00
CAISO,1hr,wind,2118.16,DAHR,2017-10-18 07:00:00+00:00
CAISO,1hr,solar,0.0,DAHR,2017-10-18 07:00:00+00:00
CAISO,1hr,wind,2967.21,DAHR,2017-10-19 19:00:00+00:00
CAISO,1hr,solar,8158.91,DAHR,2017-10-19 19:00:00+00:00
CAISO,1hr,wind,3357.76,DAHR,2017-10-19 21:00:00+00:00
CAISO,1hr,solar,7970.69,DAHR,2017-10-19 21:00:00+00:00
CAISO,1hr,wind,2848.1299999999997,DAHR,2017-10-19 18:00:00+00:00
CAISO,1hr,solar,8268.18,DAHR,2017-10-19 18:00:00+00:00
CAISO,1hr,wind,3337.1099999999997,DAHR,2017-10-20 01:00:00+00:00
CAISO,1hr,solar,48.09,DAHR,2017-10-20 01:00:00+00:00
CAISO,1hr,wind,2732.01,DAHR,2017-10-19 17:00:00+00:00
CAISO,1hr,solar,8170.36,DAHR,2017-10-19 17:00:00+00:00
CAISO,1hr,wind,3275.36,DAHR,2017-10-20 06:00:00+00:00
CAISO,1hr,solar,0.0,DAHR,2017-10-20 06:00:00+00:00
CAISO,1hr,wind,2798.46,DAHR,2017-10-19 16:00:00+00:00
CAISO,1hr,solar,7263.450000000001,DAHR,2017-10-19 16:00:00+00:00
CAISO,1hr,wind,3565.47,DAHR,2017-10-19 22:00:00+00:00
CAISO,1hr,solar,7328.22,DAHR,2017-10-19 22:00:00+00:00
CAISO,1hr,wind,2897.1,DAHR,2017-10-19 15:00:00+00:00
CAISO,1hr,solar,4657.26,DAHR,2017-10-19 15:00:00+00:00
CAISO,1hr,wind,3256.6299999999997,DAHR,2017-10-20 05:00:00+00:00
CAISO,1hr,solar,0.0,DAHR,2017-10-20 05:00:00+00:00
CAISO,1hr,wind,2961.62,DAHR,2017-10-19 14:00:00+00:00
CAISO,1hr,solar,938.3700000000001,DAHR,2017-10-19 14:00:00+00:00
CAISO,1hr,wind,3472.95,DAHR,2017-10-20 00:00:00+00:00
CAISO,1hr,solar,1563.9299999999998,DAHR,2017-10-20 00:00:00+00:00
CAISO,1hr,wind,3075.0099999999998,DAHR,2017-10-19 13:00:00+00:00
CAISO,1hr,solar,2.79,DAHR,2017-10-19 13:00:00+00:00
CAISO,1hr,wind,3294.47,DAHR,2017-10-20 04:00:00+00:00
CAISO,1hr,solar,0.0,DAHR,2017-10-20 04:00:00+00:00
CAISO,1hr,wind,3195.8599999999997,DAHR,2017-10-19 12:00:00+00:00
CAISO,1hr,solar,0.0,DAHR,2017-10-19 12:00:00+00:00
CAISO,1hr,wind,3151.19,DAHR,2017-10-19 20:00:00+00:00
CAISO,1hr,solar,8068.99,DAHR,2017-10-19 20:00:00+00:00
CAISO,1hr,wind,3252.63,DAHR,2017-10-19 11:00:00+00:00
CAISO,1hr,solar,0.0,DAHR,2017-10-19 11:00:00+00:00
CAISO,1hr,wind,3307.13,DAHR,2017-10-20 03:00:00+00:00
CAISO,1hr,solar,0.0,DAHR,2017-10-20 03:00:00+00:00
CAISO,1hr,wind,3274.72,DAHR,2017-10-19 10:00:00+00:00
CAISO,1hr,solar,0.0,DAHR,2017-10-19 10:00:00+00:00
CAISO,1hr,wind,3608.9799999999996,DAHR,2017-10-19 23:00:00+00:00
CAISO,1hr,solar,5509.04,DAHR,2017-10-19 23:00:00+00:00
CAISO,1hr,wind,3310.4900000000002,DAHR,2017-10-19 09:00:00+00:00
CAISO,1hr,solar,0.0,DAHR,2017-10-19 09:00:00+00:00
CAISO,1hr,wind,3256.51,DAHR,2017-10-20 02:00:00+00:00
CAISO,1hr,solar,0.0,DAHR,2017-10-20 02:00:00+00:00
CAISO,1hr,wind,3292.58,DAHR,2017-10-19 08:00:00+00:00
CAISO,1hr,solar,0.0,DAHR,2017-10-19 08:00:00+00:00
CAISO,1hr,wind,3213.57,DAHR,2017-10-19 07:00:00+00:00
CAISO,1hr,solar,0.0,DAHR,2017-10-19 07:00:00+00:00
CAISO,1hr,wind,3250.8100000000004,DAHR,2017-10-20 19:00:00+00:00
CAISO,1hr,solar,7782.619999999999,DAHR,2017-10-20 19:00:00+00:00
CAISO,1hr,wind,3251.2799999999997,DAHR,2017-10-20 21:00:00+00:00
CAISO,1hr,solar,7685.09,DAHR,2017-10-20 21:00:00+00:00
CAISO,1hr,wind,3253.83,DAHR,2017-10-20 18:00:00+00:00
CAISO,1hr,solar,7658.360000000001,DAHR,2017-10-20 18:00:00+00:00
CAISO,1hr,wind,3143.55,DAHR,2017-10-21 01:00:00+00:00
CAISO,1hr,solar,36.52,DAHR,2017-10-21 01:00:00+00:00
CAISO,1hr,wind,3211.25,DAHR,2017-10-20 17:00:00+00:00
CAISO,1hr,solar,7175.9400000000005,DAHR,2017-10-20 17:00:00+00:00
CAISO,1hr,wind,3210.7300000000005,DAHR,2017-10-21 06:00:00+00:00
CAISO,1hr,solar,0.0,DAHR,2017-10-21 06:00:00+00:00
CAISO,1hr,wind,3114.96,DAHR,2017-10-20 16:00:00+00:00
CAISO,1hr,solar,6119.95,DAHR,2017-10-20 16:00:00+00:00
CAISO,1hr,wind,3300.75,DAHR,2017-10-20 22:00:00+00:00
CAISO,1hr,solar,7091.95,DAHR,2017-10-20 22:00:00+00:00
CAISO,1hr,wind,3109.04,DAHR,2017-10-20 15:00:00+00:00
CAISO,1hr,solar,3728.6600000000003,DAHR,2017-10-20 15:00:00+00:00
CAISO,1hr,wind,3250.2799999999997,DAHR,2017-10-21 05:00:00+00:00
CAISO,1hr,solar,0.0,DAHR,2017-10-21 05:00:00+00:00
CAISO,1hr,wind,2916.13,DAHR,2017-10-20 14:00:00+00:00
CAISO,1hr,solar,765.47,DAHR,2017-10-20 14:00:00+00:00
CAISO,1hr,wind,3227.0499999999997,DAHR,2017-10-21 00:00:00+00:00
CAISO,1hr,solar,1505.73,DAHR,2017-10-21 00:00:00+00:00
CAISO,1hr,wind,2889.27,DAHR,2017-10-20 13:00:00+00:00
CAISO,1hr,solar,2.95,DAHR,2017-10-20 13:00:00+00:00
CAISO,1hr,wind,3225.37,DAHR,2017-10-21 04:00:00+00:00
CAISO,1hr,solar,0.0,DAHR,2017-10-21 04:00:00+00:00
CAISO,1hr,wind,2966.2999999999997,DAHR,2017-10-20 12:00:00+00:00
CAISO,1hr,solar,0.0,DAHR,2017-10-20 12:00:00+00:00
CAISO,1hr,wind,3279.2400000000002,DAHR,2017-10-20 20:00:00+00:00
CAISO,1hr,solar,7846.679999999999,DAHR,2017-10-20 20:00:00+00:00
CAISO,1hr,wind,3003.6,DAHR,2017-10-20 11:00:00+00:00
CAISO,1hr,solar,0.0,DAHR,2017-10-20 11:00:00+00:00
CAISO,1hr,wind,3165.35,DAHR,2017-10-21 03:00:00+00:00
CAISO,1hr,solar,0.0,DAHR,2017-10-21 03:00:00+00:00
CAISO,1hr,wind,3111.56,DAHR,2017-10-20 10:00:00+00:00
CAISO,1hr,solar,0.0,DAHR,2017-10-20 10:00:00+00:00
CAISO,1hr,wind,3313.66,DAHR,2017-10-20 23:00:00+00:00
CAISO,1hr,solar,5270.21,DAHR,2017-10-20 23:00:00+00:00
CAISO,1hr,wind,3272.59,DAHR,2017-10-20 09:00:00+00:00
CAISO,1hr,solar,0.0,DAHR,2017-10-20 09:00:00+00:00
CAISO,1hr,wind,3145.1400000000003,DAHR,2017-10-21 02:00:00+00:00
CAISO,1hr,solar,0.0,DAHR,2017-10-21 02:00:00+00:00
CAISO,1hr,wind,3357.84,DAHR,2017-10-20 08:00:00+00:00
CAISO,1hr,solar,0.0,DAHR,2017-10-20 08:00:00+00:00
CAISO,1hr,wind,3357.46,DAHR,2017-10-20 07:00:00+00:00
CAISO,1hr,solar,0.0,DAHR,2017-10-20 07:00:00+00:00
CAISO,1hr,wind,409.56000000000006,DAHR,2017-10-21 20:00:00+00:00
CAISO,1hr,solar,7967.6,DAHR,2017-10-21 20:00:00+00:00
CAISO,1hr,wind,2608.63,DAHR,2017-10-21 08:00:00+00:00
CAISO,1hr,solar,0.0,DAHR,2017-10-21 08:00:00+00:00
CAISO,1hr,wind,434.91,DAHR,2017-10-21 19:00:00+00:00
CAISO,1hr,solar,7932.629999999999,DAHR,2017-10-21 19:00:00+00:00
CAISO,1hr,wind,451.34000000000003,DAHR,2017-10-21 18:00:00+00:00
CAISO,1hr,solar,7958.64,DAHR,2017-10-21 18:00:00+00:00
CAISO,1hr,wind,473.94000000000005,DAHR,2017-10-21 17:00:00+00:00
CAISO,1hr,solar,7855.620000000001,DAHR,2017-10-21 17:00:00+00:00
CAISO,1hr,wind,439.54999999999995,DAHR,2017-10-21 16:00:00+00:00
CAISO,1hr,solar,6848.07,DAHR,2017-10-21 16:00:00+00:00
CAISO,1hr,wind,558.63,DAHR,2017-10-21 15:00:00+00:00
CAISO,1hr,solar,4185.26,DAHR,2017-10-21 15:00:00+00:00
CAISO,1hr,wind,838.87,DAHR,2017-10-21 14:00:00+00:00
CAISO,1hr,solar,794.43,DAHR,2017-10-21 14:00:00+00:00
CAISO,1hr,wind,1094.3700000000001,DAHR,2017-10-21 13:00:00+00:00
CAISO,1hr,solar,2.46,DAHR,2017-10-21 13:00:00+00:00
CAISO,1hr,wind,1480.72,DAHR,2017-10-21 12:00:00+00:00
CAISO,1hr,solar,0.0,DAHR,2017-10-21 12:00:00+00:00
CAISO,1hr,wind,1818.0,DAHR,2017-10-21 11:00:00+00:00
CAISO,1hr,solar,0.0,DAHR,2017-10-21 11:00:00+00:00
CAISO,1hr,wind,2080.75,DAHR,2017-10-21 10:00:00+00:00
CAISO,1hr,solar,0.0,DAHR,2017-10-21 10:00:00+00:00
CAISO,1hr,wind,2349.96,DAHR,2017-10-21 09:00:00+00:00
CAISO,1hr,solar,0.0,DAHR,2017-10-21 09:00:00+00:00
CAISO,1hr,wind,2944.5,DAHR,2017-10-21 07:00:00+00:00
CAISO,1hr,solar,0.0,DAHR,2017-10-21 07:00:00+00:00
CAISO,1hr,wind,408.69,DAHR,2017-10-22 05:00:00+00:00
CAISO,1hr,solar,0.0,DAHR,2017-10-22 05:00:00+00:00
CAISO,1hr,wind,395.59000000000003,DAHR,2017-10-22 04:00:00+00:00
CAISO,1hr,solar,0.0,DAHR,2017-10-22 04:00:00+00:00
CAISO,1hr,wind,431.66999999999996,DAHR,2017-10-22 03:00:00+00:00
CAISO,1hr,solar,0.0,DAHR,2017-10-22 03:00:00+00:00
CAISO,1hr,wind,458.46,DAHR,2017-10-22 02:00:00+00:00
CAISO,1hr,solar,0.0,DAHR,2017-10-22 02:00:00+00:00
CAISO,1hr,wind,388.51,DAHR,2017-10-22 01:00:00+00:00
CAISO,1hr,solar,12.27,DAHR,2017-10-22 01:00:00+00:00
CAISO,1hr,wind,380.82,DAHR,2017-10-22 00:00:00+00:00
CAISO,1hr,solar,1400.19,DAHR,2017-10-22 00:00:00+00:00
CAISO,1hr,wind,398.25,DAHR,2017-10-21 23:00:00+00:00
CAISO,1hr,solar,5281.610000000001,DAHR,2017-10-21 23:00:00+00:00
CAISO,1hr,wind,393.1,DAHR,2017-10-21 22:00:00+00:00
CAISO,1hr,solar,7166.4,DAHR,2017-10-21 22:00:00+00:00
CAISO,1hr,wind,388.0,DAHR,2017-10-21 21:00:00+00:00
CAISO,1hr,solar,7799.4,DAHR,2017-10-21 21:00:00+00:00
CAISO,1hr,other,11260.640000000001,DAHR,2017-10-01 07:00:00+00:00
CAISO,1hr,other,10445.189999999999,DAHR,2017-10-01 08:00:00+00:00
CAISO,1hr,other,9491.83,DAHR,2017-10-01 09:00:00+00:00
CAISO,1hr,other,9351.55,DAHR,2017-10-01 10:00:00+00:00
CAISO,1hr,other,9135.43,DAHR,2017-10-01 11:00:00+00:00
CAISO,1hr,other,9206.38,DAHR,2017-10-01 12:00:00+00:00
CAISO,1hr,other,9255.759999999998,DAHR,2017-10-01 13:00:00+00:00
CAISO,1hr,other,8671.68,DAHR,2017-10-01 14:00:00+00:00
CAISO,1hr,other,7037.66,DAHR,2017-10-01 15:00:00+00:00
CAISO,1hr,other,6686.940000000002,DAHR,2017-10-01 16:00:00+00:00
CAISO,1hr,other,6679.27,DAHR,2017-10-01 17:00:00+00:00
CAISO,1hr,other,6608.32,DAHR,2017-10-01 18:00:00+00:00
CAISO,1hr,other,6723.969999999999,DAHR,2017-10-01 19:00:00+00:00
CAISO,1hr,other,6634.68,DAHR,2017-10-01 20:00:00+00:00
CAISO,1hr,other,7033.91,DAHR,2017-10-01 21:00:00+00:00
CAISO,1hr,other,7416.41,DAHR,2017-10-01 22:00:00+00:00
CAISO,1hr,other,10252.149999999998,DAHR,2017-10-01 23:00:00+00:00
CAISO,1hr,other,13035.190000000002,DAHR,2017-10-02 00:00:00+00:00
CAISO,1hr,other,15808.529999999999,DAHR,2017-10-02 01:00:00+00:00
CAISO,1hr,other,16566.37,DAHR,2017-10-02 02:00:00+00:00
CAISO,1hr,other,15690.98,DAHR,2017-10-02 03:00:00+00:00
CAISO,1hr,other,14436.23,DAHR,2017-10-02 04:00:00+00:00
CAISO,1hr,other,12632.05,DAHR,2017-10-02 05:00:00+00:00
CAISO,1hr,other,10916.78,DAHR,2017-10-02 06:00:00+00:00
CAISO,1hr,other,10357.25,DAHR,2017-10-02 07:00:00+00:00
CAISO,1hr,other,9594.53,DAHR,2017-10-02 08:00:00+00:00
CAISO,1hr,other,9506.14,DAHR,2017-10-02 09:00:00+00:00
CAISO,1hr,other,9684.869999999999,DAHR,2017-10-02 10:00:00+00:00
CAISO,1hr,other,10073.0,DAHR,2017-10-02 11:00:00+00:00
CAISO,1hr,other,10905.029999999999,DAHR,2017-10-02 12:00:00+00:00
CAISO,1hr,other,11725.75,DAHR,2017-10-02 13:00:00+00:00
CAISO,1hr,other,11865.600000000002,DAHR,2017-10-02 14:00:00+00:00
CAISO,1hr,other,10068.82,DAHR,2017-10-02 15:00:00+00:00
CAISO,1hr,other,9512.370000000003,DAHR,2017-10-02 16:00:00+00:00
CAISO,1hr,other,9326.07,DAHR,2017-10-02 17:00:00+00:00
CAISO,1hr,other,9389.41,DAHR,2017-10-02 18:00:00+00:00
CAISO,1hr,other,9374.08,DAHR,2017-10-02 19:00:00+00:00
CAISO,1hr,other,9848.09,DAHR,2017-10-02 20:00:00+00:00
CAISO,1hr,other,10433.71,DAHR,2017-10-02 21:00:00+00:00
CAISO,1hr,other,10997.45,DAHR,2017-10-02 22:00:00+00:00
CAISO,1hr,other,12575.96,DAHR,2017-10-02 23:00:00+00:00
CAISO,1hr,other,16333.53,DAHR,2017-10-03 00:00:00+00:00
CAISO,1hr,other,19652.33,DAHR,2017-10-03 01:00:00+00:00
CAISO,1hr,other,19884.559999999998,DAHR,2017-10-03 02:00:00+00:00
CAISO,1hr,other,18079.15,DAHR,2017-10-03 03:00:00+00:00
CAISO,1hr,other,16840.050000000003,DAHR,2017-10-03 04:00:00+00:00
CAISO,1hr,other,15684.96,DAHR,2017-10-03 05:00:00+00:00
CAISO,1hr,other,13792.52,DAHR,2017-10-03 06:00:00+00:00
CAISO,1hr,other,13188.13,DAHR,2017-10-03 07:00:00+00:00
CAISO,1hr,other,12738.66,DAHR,2017-10-03 08:00:00+00:00
CAISO,1hr,other,12284.33,DAHR,2017-10-03 09:00:00+00:00
CAISO,1hr,other,12222.47,DAHR,2017-10-03 10:00:00+00:00
CAISO,1hr,other,12532.3,DAHR,2017-10-03 11:00:00+00:00
CAISO,1hr,other,14218.509999999998,DAHR,2017-10-03 12:00:00+00:00
CAISO,1hr,other,14940.539999999999,DAHR,2017-10-03 13:00:00+00:00
CAISO,1hr,other,14918.919999999998,DAHR,2017-10-03 14:00:00+00:00
CAISO,1hr,other,12155.170000000002,DAHR,2017-10-03 15:00:00+00:00
CAISO,1hr,other,11025.66,DAHR,2017-10-03 16:00:00+00:00
CAISO,1hr,other,10830.27,DAHR,2017-10-03 17:00:00+00:00
CAISO,1hr,other,10779.579999999998,DAHR,2017-10-03 18:00:00+00:00
CAISO,1hr,other,10565.099999999999,DAHR,2017-10-03 19:00:00+00:00
CAISO,1hr,other,10926.85,DAHR,2017-10-03 20:00:00+00:00
CAISO,1hr,other,11401.150000000001,DAHR,2017-10-03 21:00:00+00:00
CAISO,1hr,other,11543.030000000002,DAHR,2017-10-03 22:00:00+00:00
CAISO,1hr,other,13314.87,DAHR,2017-10-03 23:00:00+00:00
CAISO,1hr,other,17503.29,DAHR,2017-10-04 00:00:00+00:00
CAISO,1hr,other,20374.65,DAHR,2017-10-04 01:00:00+00:00
CAISO,1hr,other,20808.28,DAHR,2017-10-04 02:00:00+00:00
CAISO,1hr,other,19339.07,DAHR,2017-10-04 03:00:00+00:00
CAISO,1hr,other,17602.86,DAHR,2017-10-04 04:00:00+00:00
CAISO,1hr,other,15887.45,DAHR,2017-10-04 05:00:00+00:00
CAISO,1hr,other,14133.550000000001,DAHR,2017-10-04 06:00:00+00:00
CAISO,1hr,other,12493.79,DAHR,2017-10-04 07:00:00+00:00
CAISO,1hr,other,12298.55,DAHR,2017-10-04 08:00:00+00:00
CAISO,1hr,other,12032.21,DAHR,2017-10-04 09:00:00+00:00
CAISO,1hr,other,12128.76,DAHR,2017-10-04 10:00:00+00:00
CAISO,1hr,other,12617.460000000001,DAHR,2017-10-04 11:00:00+00:00
CAISO,1hr,other,14010.92,DAHR,2017-10-04 12:00:00+00:00
CAISO,1hr,other,14857.21,DAHR,2017-10-04 13:00:00+00:00
CAISO,1hr,other,14775.010000000002,DAHR,2017-10-04 14:00:00+00:00
CAISO,1hr,other,12383.689999999999,DAHR,2017-10-04 15:00:00+00:00
CAISO,1hr,other,11414.489999999998,DAHR,2017-10-04 16:00:00+00:00
CAISO,1hr,other,11092.15,DAHR,2017-10-04 17:00:00+00:00
CAISO,1hr,other,11012.49,DAHR,2017-10-04 18:00:00+00:00
CAISO,1hr,other,11371.09,DAHR,2017-10-04 19:00:00+00:00
CAISO,1hr,other,11282.73,DAHR,2017-10-04 20:00:00+00:00
CAISO,1hr,other,11774.63,DAHR,2017-10-04 21:00:00+00:00
CAISO,1hr,other,13081.359999999999,DAHR,2017-10-04 22:00:00+00:00
CAISO,1hr,other,14019.52,DAHR,2017-10-04 23:00:00+00:00
CAISO,1hr,other,18492.829999999998,DAHR,2017-10-05 00:00:00+00:00
CAISO,1hr,other,21351.940000000002,DAHR,2017-10-05 01:00:00+00:00
CAISO,1hr,other,21770.41,DAHR,2017-10-05 02:00:00+00:00
CAISO,1hr,other,19951.420000000002,DAHR,2017-10-05 03:00:00+00:00
CAISO,1hr,other,18517.789999999997,DAHR,2017-10-05 04:00:00+00:00
CAISO,1hr,other,16763.35,DAHR,2017-10-05 05:00:00+00:00
CAISO,1hr,other,14649.36,DAHR,2017-10-05 06:00:00+00:00
CAISO,1hr,other,13069.900000000001,DAHR,2017-10-05 07:00:00+00:00
CAISO,1hr,other,12581.019999999999,DAHR,2017-10-05 08:00:00+00:00
CAISO,1hr,other,12460.380000000001,DAHR,2017-10-05 09:00:00+00:00
CAISO,1hr,other,12490.67,DAHR,2017-10-05 10:00:00+00:00
CAISO,1hr,other,12735.57,DAHR,2017-10-05 11:00:00+00:00
CAISO,1hr,other,13907.550000000001,DAHR,2017-10-05 12:00:00+00:00
CAISO,1hr,other,14683.08,DAHR,2017-10-05 13:00:00+00:00
CAISO,1hr,other,14607.59,DAHR,2017-10-05 14:00:00+00:00
CAISO,1hr,other,11888.87,DAHR,2017-10-05 15:00:00+00:00
CAISO,1hr,other,11302.13,DAHR,2017-10-05 16:00:00+00:00
CAISO,1hr,other,10786.610000000002,DAHR,2017-10-05 17:00:00+00:00
CAISO,1hr,other,10940.160000000002,DAHR,2017-10-05 18:00:00+00:00
CAISO,1hr,other,11155.710000000001,DAHR,2017-10-05 19:00:00+00:00
CAISO,1hr,other,11799.319999999998,DAHR,2017-10-05 20:00:00+00:00
CAISO,1hr,other,12183.31,DAHR,2017-10-05 21:00:00+00:00
CAISO,1hr,other,13056.34,DAHR,2017-10-05 22:00:00+00:00
CAISO,1hr,other,14736.170000000002,DAHR,2017-10-05 23:00:00+00:00
CAISO,1hr,other,19252.04,DAHR,2017-10-06 00:00:00+00:00
CAISO,1hr,other,22026.71,DAHR,2017-10-06 01:00:00+00:00
CAISO,1hr,other,22073.26,DAHR,2017-10-06 02:00:00+00:00
CAISO,1hr,other,20241.5,DAHR,2017-10-06 03:00:00+00:00
CAISO,1hr,other,18839.2,DAHR,2017-10-06 04:00:00+00:00
CAISO,1hr,other,17181.95,DAHR,2017-10-06 05:00:00+00:00
CAISO,1hr,other,14553.61,DAHR,2017-10-06 06:00:00+00:00
CAISO,1hr,other,13953.5,DAHR,2017-10-06 07:00:00+00:00
CAISO,1hr,other,13469.28,DAHR,2017-10-06 08:00:00+00:00
CAISO,1hr,other,12945.65,DAHR,2017-10-06 09:00:00+00:00
CAISO,1hr,other,12852.609999999999,DAHR,2017-10-06 10:00:00+00:00
CAISO,1hr,other,13125.39,DAHR,2017-10-06 11:00:00+00:00
CAISO,1hr,other,14435.77,DAHR,2017-10-06 12:00:00+00:00
CAISO,1hr,other,15057.59,DAHR,2017-10-06 13:00:00+00:00
CAISO,1hr,other,14860.62,DAHR,2017-10-06 14:00:00+00:00
CAISO,1hr,other,12848.57,DAHR,2017-10-06 15:00:00+00:00
CAISO,1hr,other,12089.050000000001,DAHR,2017-10-06 16:00:00+00:00
CAISO,1hr,other,11527.770000000002,DAHR,2017-10-06 17:00:00+00:00
CAISO,1hr,other,12062.32,DAHR,2017-10-06 18:00:00+00:00
CAISO,1hr,other,12202.59,DAHR,2017-10-06 19:00:00+00:00
CAISO,1hr,other,12654.9,DAHR,2017-10-06 20:00:00+00:00
CAISO,1hr,other,13915.049999999997,DAHR,2017-10-06 21:00:00+00:00
CAISO,1hr,other,15384.210000000001,DAHR,2017-10-06 22:00:00+00:00
CAISO,1hr,other,17459.15,DAHR,2017-10-06 23:00:00+00:00
CAISO,1hr,other,21686.530000000002,DAHR,2017-10-07 00:00:00+00:00
CAISO,1hr,other,23635.68,DAHR,2017-10-07 01:00:00+00:00
CAISO,1hr,other,23565.55,DAHR,2017-10-07 02:00:00+00:00
CAISO,1hr,other,21813.17,DAHR,2017-10-07 03:00:00+00:00
CAISO,1hr,other,20162.219999999998,DAHR,2017-10-07 04:00:00+00:00
CAISO,1hr,other,17990.530000000002,DAHR,2017-10-07 05:00:00+00:00
CAISO,1hr,other,15758.02,DAHR,2017-10-07 06:00:00+00:00
CAISO,1hr,other,14855.300000000001,DAHR,2017-10-07 07:00:00+00:00
CAISO,1hr,other,13125.02,DAHR,2017-10-07 08:00:00+00:00
CAISO,1hr,other,12358.630000000001,DAHR,2017-10-07 09:00:00+00:00
CAISO,1hr,other,11969.85,DAHR,2017-10-07 10:00:00+00:00
CAISO,1hr,other,12087.42,DAHR,2017-10-07 11:00:00+00:00
CAISO,1hr,other,12943.51,DAHR,2017-10-07 12:00:00+00:00
CAISO,1hr,other,13257.52,DAHR,2017-10-07 13:00:00+00:00
CAISO,1hr,other,12508.869999999999,DAHR,2017-10-07 14:00:00+00:00
CAISO,1hr,other,9703.880000000001,DAHR,2017-10-07 15:00:00+00:00
CAISO,1hr,other,8783.02,DAHR,2017-10-07 16:00:00+00:00
CAISO,1hr,other,8777.17,DAHR,2017-10-07 17:00:00+00:00
CAISO,1hr,other,8982.1,DAHR,2017-10-07 18:00:00+00:00
CAISO,1hr,other,9397.489999999998,DAHR,2017-10-07 19:00:00+00:00
CAISO,1hr,other,10014.65,DAHR,2017-10-07 20:00:00+00:00
CAISO,1hr,other,10840.4,DAHR,2017-10-07 21:00:00+00:00
CAISO,1hr,other,12470.33,DAHR,2017-10-07 22:00:00+00:00
CAISO,1hr,other,14907.560000000001,DAHR,2017-10-07 23:00:00+00:00
CAISO,1hr,other,18868.940000000002,DAHR,2017-10-08 00:00:00+00:00
CAISO,1hr,other,20859.18,DAHR,2017-10-08 01:00:00+00:00
CAISO,1hr,other,20612.53,DAHR,2017-10-08 02:00:00+00:00
CAISO,1hr,other,18494.260000000002,DAHR,2017-10-08 03:00:00+00:00
CAISO,1hr,other,17044.059999999998,DAHR,2017-10-08 04:00:00+00:00
CAISO,1hr,other,15554.960000000003,DAHR,2017-10-08 05:00:00+00:00
CAISO,1hr,other,13324.83,DAHR,2017-10-08 06:00:00+00:00
CAISO,1hr,other,11624.990000000002,DAHR,2017-10-08 07:00:00+00:00
CAISO,1hr,other,10374.529999999999,DAHR,2017-10-08 08:00:00+00:00
CAISO,1hr,other,9629.3,DAHR,2017-10-08 09:00:00+00:00
CAISO,1hr,other,9362.84,DAHR,2017-10-08 10:00:00+00:00
CAISO,1hr,other,9271.41,DAHR,2017-10-08 11:00:00+00:00
CAISO,1hr,other,9562.46,DAHR,2017-10-08 12:00:00+00:00
CAISO,1hr,other,9901.65,DAHR,2017-10-08 13:00:00+00:00
CAISO,1hr,other,9025.76,DAHR,2017-10-08 14:00:00+00:00
CAISO,1hr,other,7339.1,DAHR,2017-10-08 15:00:00+00:00
CAISO,1hr,other,6578.129999999999,DAHR,2017-10-08 16:00:00+00:00
CAISO,1hr,other,6519.91,DAHR,2017-10-08 17:00:00+00:00
CAISO,1hr,other,6352.130000000001,DAHR,2017-10-08 18:00:00+00:00
CAISO,1hr,other,7072.869999999999,DAHR,2017-10-08 19:00:00+00:00
CAISO,1hr,other,7071.359999999999,DAHR,2017-10-08 20:00:00+00:00
CAISO,1hr,other,7158.27,DAHR,2017-10-08 21:00:00+00:00
CAISO,1hr,other,7862.950000000003,DAHR,2017-10-08 22:00:00+00:00
CAISO,1hr,other,10254.169999999998,DAHR,2017-10-08 23:00:00+00:00
CAISO,1hr,other,13555.079999999998,DAHR,2017-10-09 00:00:00+00:00
CAISO,1hr,other,16118.350000000002,DAHR,2017-10-09 01:00:00+00:00
CAISO,1hr,other,16197.39,DAHR,2017-10-09 02:00:00+00:00
CAISO,1hr,other,15705.050000000001,DAHR,2017-10-09 03:00:00+00:00
CAISO,1hr,other,14868.929999999998,DAHR,2017-10-09 04:00:00+00:00
CAISO,1hr,other,14246.75,DAHR,2017-10-09 05:00:00+00:00
CAISO,1hr,other,12762.22,DAHR,2017-10-09 06:00:00+00:00
CAISO,1hr,other,11376.89,DAHR,2017-10-09 07:00:00+00:00
CAISO,1hr,other,11226.47,DAHR,2017-10-09 08:00:00+00:00
CAISO,1hr,other,11073.38,DAHR,2017-10-09 09:00:00+00:00
CAISO,1hr,other,11136.61,DAHR,2017-10-09 10:00:00+00:00
CAISO,1hr,other,11421.76,DAHR,2017-10-09 11:00:00+00:00
CAISO,1hr,other,12782.36,DAHR,2017-10-09 12:00:00+00:00
CAISO,1hr,other,13926.88,DAHR,2017-10-09 13:00:00+00:00
CAISO,1hr,other,13751.470000000001,DAHR,2017-10-09 14:00:00+00:00
CAISO,1hr,other,11710.060000000001,DAHR,2017-10-09 15:00:00+00:00
CAISO,1hr,other,10050.03,DAHR,2017-10-09 16:00:00+00:00
CAISO,1hr,other,9717.960000000001,DAHR,2017-10-09 17:00:00+00:00
CAISO,1hr,other,9895.880000000001,DAHR,2017-10-09 18:00:00+00:00
CAISO,1hr,other,10090.21,DAHR,2017-10-09 19:00:00+00:00
CAISO,1hr,other,10829.949999999997,DAHR,2017-10-09 20:00:00+00:00
CAISO,1hr,other,12006.7,DAHR,2017-10-09 21:00:00+00:00
CAISO,1hr,other,13000.669999999998,DAHR,2017-10-09 22:00:00+00:00
CAISO,1hr,other,16247.93,DAHR,2017-10-09 23:00:00+00:00
CAISO,1hr,other,20411.75,DAHR,2017-10-10 00:00:00+00:00
CAISO,1hr,other,22386.71,DAHR,2017-10-10 01:00:00+00:00
CAISO,1hr,other,22494.0,DAHR,2017-10-10 02:00:00+00:00
CAISO,1hr,other,21514.18,DAHR,2017-10-10 03:00:00+00:00
CAISO,1hr,other,19455.94,DAHR,2017-10-10 04:00:00+00:00
CAISO,1hr,other,17821.09,DAHR,2017-10-10 05:00:00+00:00
CAISO,1hr,other,15456.23,DAHR,2017-10-10 06:00:00+00:00
CAISO,1hr,other,14802.28,DAHR,2017-10-10 07:00:00+00:00
CAISO,1hr,other,13903.46,DAHR,2017-10-10 08:00:00+00:00
CAISO,1hr,other,13525.26,DAHR,2017-10-10 09:00:00+00:00
CAISO,1hr,other,13506.98,DAHR,2017-10-10 10:00:00+00:00
CAISO,1hr,other,13892.34,DAHR,2017-10-10 11:00:00+00:00
CAISO,1hr,other,15128.539999999999,DAHR,2017-10-10 12:00:00+00:00
CAISO,1hr,other,16233.56,DAHR,2017-10-10 13:00:00+00:00
CAISO,1hr,other,16079.529999999999,DAHR,2017-10-10 14:00:00+00:00
CAISO,1hr,other,13267.49,DAHR,2017-10-10 15:00:00+00:00
CAISO,1hr,other,11186.380000000001,DAHR,2017-10-10 16:00:00+00:00
CAISO,1hr,other,10890.41,DAHR,2017-10-10 17:00:00+00:00
CAISO,1hr,other,10972.83,DAHR,2017-10-10 18:00:00+00:00
CAISO,1hr,other,11372.090000000002,DAHR,2017-10-10 19:00:00+00:00
CAISO,1hr,other,11939.080000000002,DAHR,2017-10-10 20:00:00+00:00
CAISO,1hr,other,12778.480000000001,DAHR,2017-10-10 21:00:00+00:00
CAISO,1hr,other,13682.300000000001,DAHR,2017-10-10 22:00:00+00:00
CAISO,1hr,other,15688.530000000002,DAHR,2017-10-10 23:00:00+00:00
CAISO,1hr,other,19981.170000000002,DAHR,2017-10-11 00:00:00+00:00
CAISO,1hr,other,21880.3,DAHR,2017-10-11 01:00:00+00:00
CAISO,1hr,other,21938.53,DAHR,2017-10-11 02:00:00+00:00
CAISO,1hr,other,20544.79,DAHR,2017-10-11 03:00:00+00:00
CAISO,1hr,other,18894.85,DAHR,2017-10-11 04:00:00+00:00
CAISO,1hr,other,16833.97,DAHR,2017-10-11 05:00:00+00:00
CAISO,1hr,other,14487.849999999999,DAHR,2017-10-11 06:00:00+00:00
CAISO,1hr,other,13278.980000000001,DAHR,2017-10-11 07:00:00+00:00
CAISO,1hr,other,12740.86,DAHR,2017-10-11 08:00:00+00:00
CAISO,1hr,other,12304.34,DAHR,2017-10-11 09:00:00+00:00
CAISO,1hr,other,12236.41,DAHR,2017-10-11 10:00:00+00:00
CAISO,1hr,other,12558.5,DAHR,2017-10-11 11:00:00+00:00
CAISO,1hr,other,14032.539999999999,DAHR,2017-10-11 12:00:00+00:00
CAISO,1hr,other,15180.26,DAHR,2017-10-11 13:00:00+00:00
CAISO,1hr,other,15445.519999999999,DAHR,2017-10-11 14:00:00+00:00
CAISO,1hr,other,12315.23,DAHR,2017-10-11 15:00:00+00:00
CAISO,1hr,other,10785.36,DAHR,2017-10-11 16:00:00+00:00
CAISO,1hr,other,10556.07,DAHR,2017-10-11 17:00:00+00:00
CAISO,1hr,other,10386.01,DAHR,2017-10-11 18:00:00+00:00
CAISO,1hr,other,10591.72,DAHR,2017-10-11 19:00:00+00:00
CAISO,1hr,other,10467.819999999998,DAHR,2017-10-11 20:00:00+00:00
CAISO,1hr,other,10864.77,DAHR,2017-10-11 21:00:00+00:00
CAISO,1hr,other,10929.670000000002,DAHR,2017-10-11 22:00:00+00:00
CAISO,1hr,other,12438.169999999998,DAHR,2017-10-11 23:00:00+00:00
CAISO,1hr,other,16781.120000000003,DAHR,2017-10-12 00:00:00+00:00
CAISO,1hr,other,19628.02,DAHR,2017-10-12 01:00:00+00:00
CAISO,1hr,other,19714.370000000003,DAHR,2017-10-12 02:00:00+00:00
CAISO,1hr,other,18518.55,DAHR,2017-10-12 03:00:00+00:00
CAISO,1hr,other,16658.1,DAHR,2017-10-12 04:00:00+00:00
CAISO,1hr,other,14247.83,DAHR,2017-10-12 05:00:00+00:00
CAISO,1hr,other,12069.19,DAHR,2017-10-12 06:00:00+00:00
CAISO,1hr,other,11776.779999999999,DAHR,2017-10-12 07:00:00+00:00
CAISO,1hr,other,10686.72,DAHR,2017-10-12 08:00:00+00:00
CAISO,1hr,other,10490.43,DAHR,2017-10-12 09:00:00+00:00
CAISO,1hr,other,10519.25,DAHR,2017-10-12 10:00:00+00:00
CAISO,1hr,other,10935.23,DAHR,2017-10-12 11:00:00+00:00
CAISO,1hr,other,12823.6,DAHR,2017-10-12 12:00:00+00:00
CAISO,1hr,other,14077.67,DAHR,2017-10-12 13:00:00+00:00
CAISO,1hr,other,14433.369999999999,DAHR,2017-10-12 14:00:00+00:00
CAISO,1hr,other,11879.329999999998,DAHR,2017-10-12 15:00:00+00:00
CAISO,1hr,other,10324.18,DAHR,2017-10-12 16:00:00+00:00
CAISO,1hr,other,9868.269999999999,DAHR,2017-10-12 17:00:00+00:00
CAISO,1hr,other,9931.17,DAHR,2017-10-12 18:00:00+00:00
CAISO,1hr,other,10143.810000000001,DAHR,2017-10-12 19:00:00+00:00
CAISO,1hr,other,10271.18,DAHR,2017-10-12 20:00:00+00:00
CAISO,1hr,other,10303.920000000002,DAHR,2017-10-12 21:00:00+00:00
CAISO,1hr,other,10227.819999999998,DAHR,2017-10-12 22:00:00+00:00
CAISO,1hr,other,11830.989999999998,DAHR,2017-10-12 23:00:00+00:00
CAISO,1hr,other,15875.460000000001,DAHR,2017-10-13 00:00:00+00:00
CAISO,1hr,other,19044.91,DAHR,2017-10-13 01:00:00+00:00
CAISO,1hr,other,19116.24,DAHR,2017-10-13 02:00:00+00:00
CAISO,1hr,other,18205.1,DAHR,2017-10-13 03:00:00+00:00
CAISO,1hr,other,16760.98,DAHR,2017-10-13 04:00:00+00:00
CAISO,1hr,other,15204.28,DAHR,2017-10-13 05:00:00+00:00
CAISO,1hr,other,13123.420000000002,DAHR,2017-10-13 06:00:00+00:00
CAISO,1hr,other,13273.59,DAHR,2017-10-13 07:00:00+00:00
CAISO,1hr,other,12682.439999999999,DAHR,2017-10-13 08:00:00+00:00
CAISO,1hr,other,12437.11,DAHR,2017-10-13 09:00:00+00:00
CAISO,1hr,other,12314.24,DAHR,2017-10-13 10:00:00+00:00
CAISO,1hr,other,12725.24,DAHR,2017-10-13 11:00:00+00:00
CAISO,1hr,other,13868.64,DAHR,2017-10-13 12:00:00+00:00
CAISO,1hr,other,15225.56,DAHR,2017-10-13 13:00:00+00:00
CAISO,1hr,other,15133.629999999997,DAHR,2017-10-13 14:00:00+00:00
CAISO,1hr,other,12413.61,DAHR,2017-10-13 15:00:00+00:00
CAISO,1hr,other,10792.730000000001,DAHR,2017-10-13 16:00:00+00:00
CAISO,1hr,other,10370.2,DAHR,2017-10-13 17:00:00+00:00
CAISO,1hr,other,10198.18,DAHR,2017-10-13 18:00:00+00:00
CAISO,1hr,other,10393.710000000001,DAHR,2017-10-13 19:00:00+00:00
CAISO,1hr,other,10481.740000000002,DAHR,2017-10-13 20:00:00+00:00
CAISO,1hr,other,10532.61,DAHR,2017-10-13 21:00:00+00:00
CAISO,1hr,other,11020.11,DAHR,2017-10-13 22:00:00+00:00
CAISO,1hr,other,12672.940000000002,DAHR,2017-10-13 23:00:00+00:00
CAISO,1hr,other,16579.41,DAHR,2017-10-14 00:00:00+00:00
CAISO,1hr,other,19422.64,DAHR,2017-10-14 01:00:00+00:00
CAISO,1hr,other,19440.4,DAHR,2017-10-14 02:00:00+00:00
CAISO,1hr,other,18147.910000000003,DAHR,2017-10-14 03:00:00+00:00
CAISO,1hr,other,16861.699999999997,DAHR,2017-10-14 04:00:00+00:00
CAISO,1hr,other,15211.1,DAHR,2017-10-14 05:00:00+00:00
CAISO,1hr,other,13090.36,DAHR,2017-10-14 06:00:00+00:00
CAISO,1hr,other,12277.64,DAHR,2017-10-14 07:00:00+00:00
CAISO,1hr,other,11816.48,DAHR,2017-10-14 08:00:00+00:00
CAISO,1hr,other,11672.45,DAHR,2017-10-14 09:00:00+00:00
CAISO,1hr,other,12282.18,DAHR,2017-10-14 10:00:00+00:00
CAISO,1hr,other,12378.15,DAHR,2017-10-14 11:00:00+00:00
CAISO,1hr,other,13134.89,DAHR,2017-10-14 12:00:00+00:00
CAISO,1hr,other,13530.89,DAHR,2017-10-14 13:00:00+00:00
CAISO,1hr,other,12888.990000000002,DAHR,2017-10-14 14:00:00+00:00
CAISO,1hr,other,9725.830000000002,DAHR,2017-10-14 15:00:00+00:00
CAISO,1hr,other,8267.369999999999,DAHR,2017-10-14 16:00:00+00:00
CAISO,1hr,other,7860.710000000003,DAHR,2017-10-14 17:00:00+00:00
CAISO,1hr,other,7951.1500000000015,DAHR,2017-10-14 18:00:00+00:00
CAISO,1hr,other,8267.380000000001,DAHR,2017-10-14 19:00:00+00:00
CAISO,1hr,other,8822.470000000003,DAHR,2017-10-14 20:00:00+00:00
CAISO,1hr,other,9553.019999999999,DAHR,2017-10-14 21:00:00+00:00
CAISO,1hr,other,10446.249999999998,DAHR,2017-10-14 22:00:00+00:00
CAISO,1hr,other,13914.849999999999,DAHR,2017-10-14 23:00:00+00:00
CAISO,1hr,other,18818.23,DAHR,2017-10-15 00:00:00+00:00
CAISO,1hr,other,21401.329999999998,DAHR,2017-10-15 01:00:00+00:00
CAISO,1hr,other,21648.54,DAHR,2017-10-15 02:00:00+00:00
CAISO,1hr,other,20385.13,DAHR,2017-10-15 03:00:00+00:00
CAISO,1hr,other,18819.78,DAHR,2017-10-15 04:00:00+00:00
CAISO,1hr,other,17786.31,DAHR,2017-10-15 05:00:00+00:00
CAISO,1hr,other,16567.02,DAHR,2017-10-15 06:00:00+00:00
CAISO,1hr,other,15153.05,DAHR,2017-10-15 07:00:00+00:00
CAISO,1hr,other,14299.609999999999,DAHR,2017-10-15 08:00:00+00:00
CAISO,1hr,other,13601.68,DAHR,2017-10-15 09:00:00+00:00
CAISO,1hr,other,13418.0,DAHR,2017-10-15 10:00:00+00:00
CAISO,1hr,other,13451.140000000001,DAHR,2017-10-15 11:00:00+00:00
CAISO,1hr,other,13669.87,DAHR,2017-10-15 12:00:00+00:00
CAISO,1hr,other,13807.4,DAHR,2017-10-15 13:00:00+00:00
CAISO,1hr,other,12957.1,DAHR,2017-10-15 14:00:00+00:00
CAISO,1hr,other,10586.16,DAHR,2017-10-15 15:00:00+00:00
CAISO,1hr,other,9022.859999999999,DAHR,2017-10-15 16:00:00+00:00
CAISO,1hr,other,8924.83,DAHR,2017-10-15 17:00:00+00:00
CAISO,1hr,other,9257.080000000002,DAHR,2017-10-15 18:00:00+00:00
CAISO,1hr,other,10099.64,DAHR,2017-10-15 19:00:00+00:00
CAISO,1hr,other,10683.82,DAHR,2017-10-15 20:00:00+00:00
CAISO,1hr,other,11625.570000000002,DAHR,2017-10-15 21:00:00+00:00
CAISO,1hr,other,13820.63,DAHR,2017-10-15 22:00:00+00:00
CAISO,1hr,other,16613.35,DAHR,2017-10-15 23:00:00+00:00
CAISO,1hr,other,21405.34,DAHR,2017-10-16 00:00:00+00:00
CAISO,1hr,other,23382.97,DAHR,2017-10-16 01:00:00+00:00
CAISO,1hr,other,23537.11,DAHR,2017-10-16 02:00:00+00:00
CAISO,1hr,other,22956.370000000003,DAHR,2017-10-16 03:00:00+00:00
CAISO,1hr,other,20504.37,DAHR,2017-10-16 04:00:00+00:00
CAISO,1hr,other,19058.129999999997,DAHR,2017-10-16 05:00:00+00:00
CAISO,1hr,other,16863.17,DAHR,2017-10-16 06:00:00+00:00
CAISO,1hr,other,15327.880000000001,DAHR,2017-10-16 07:00:00+00:00
CAISO,1hr,other,14525.25,DAHR,2017-10-16 08:00:00+00:00
CAISO,1hr,other,14187.81,DAHR,2017-10-16 09:00:00+00:00
CAISO,1hr,other,14083.65,DAHR,2017-10-16 10:00:00+00:00
CAISO,1hr,other,14383.9,DAHR,2017-10-16 11:00:00+00:00
CAISO,1hr,other,15902.46,DAHR,2017-10-16 12:00:00+00:00
CAISO,1hr,other,17092.06,DAHR,2017-10-16 13:00:00+00:00
CAISO,1hr,other,17414.93,DAHR,2017-10-16 14:00:00+00:00
CAISO,1hr,other,15051.26,DAHR,2017-10-16 15:00:00+00:00
CAISO,1hr,other,13851.839999999998,DAHR,2017-10-16 16:00:00+00:00
CAISO,1hr,other,13867.37,DAHR,2017-10-16 17:00:00+00:00
CAISO,1hr,other,14214.39,DAHR,2017-10-16 18:00:00+00:00
CAISO,1hr,other,15612.710000000003,DAHR,2017-10-16 19:00:00+00:00
CAISO,1hr,other,17011.31,DAHR,2017-10-16 20:00:00+00:00
CAISO,1hr,other,18756.969999999998,DAHR,2017-10-16 21:00:00+00:00
CAISO,1hr,other,20386.289999999997,DAHR,2017-10-16 22:00:00+00:00
CAISO,1hr,other,23339.69,DAHR,2017-10-16 23:00:00+00:00
CAISO,1hr,other,26622.87,DAHR,2017-10-17 00:00:00+00:00
CAISO,1hr,other,27296.5,DAHR,2017-10-17 01:00:00+00:00
CAISO,1hr,other,27417.93,DAHR,2017-10-17 02:00:00+00:00
CAISO,1hr,other,26420.69,DAHR,2017-10-17 03:00:00+00:00
CAISO,1hr,other,23944.030000000002,DAHR,2017-10-17 04:00:00+00:00
CAISO,1hr,other,20904.910000000003,DAHR,2017-10-17 05:00:00+00:00
CAISO,1hr,other,18333.91,DAHR,2017-10-17 06:00:00+00:00
CAISO,1hr,other,16085.59,DAHR,2017-10-17 07:00:00+00:00
CAISO,1hr,other,15033.78,DAHR,2017-10-17 08:00:00+00:00
CAISO,1hr,other,14618.35,DAHR,2017-10-17 09:00:00+00:00
CAISO,1hr,other,14263.380000000001,DAHR,2017-10-17 10:00:00+00:00
CAISO,1hr,other,14546.09,DAHR,2017-10-17 11:00:00+00:00
CAISO,1hr,other,16139.56,DAHR,2017-10-17 12:00:00+00:00
CAISO,1hr,other,17351.449999999997,DAHR,2017-10-17 13:00:00+00:00
CAISO,1hr,other,17687.899999999998,DAHR,2017-10-17 14:00:00+00:00
CAISO,1hr,other,16095.21,DAHR,2017-10-17 15:00:00+00:00
CAISO,1hr,other,15160.849999999999,DAHR,2017-10-17 16:00:00+00:00
CAISO,1hr,other,15365.32,DAHR,2017-10-17 17:00:00+00:00
CAISO,1hr,other,15536.859999999999,DAHR,2017-10-17 18:00:00+00:00
CAISO,1hr,other,16062.38,DAHR,2017-10-17 19:00:00+00:00
CAISO,1hr,other,17206.65,DAHR,2017-10-17 20:00:00+00:00
CAISO,1hr,other,18382.68,DAHR,2017-10-17 21:00:00+00:00
CAISO,1hr,other,19615.0,DAHR,2017-10-17 22:00:00+00:00
CAISO,1hr,other,21633.02,DAHR,2017-10-17 23:00:00+00:00
CAISO,1hr,other,24407.21,DAHR,2017-10-18 00:00:00+00:00
CAISO,1hr,other,24801.65,DAHR,2017-10-18 01:00:00+00:00
CAISO,1hr,other,24834.52,DAHR,2017-10-18 02:00:00+00:00
CAISO,1hr,other,22400.539999999997,DAHR,2017-10-18 03:00:00+00:00
CAISO,1hr,other,20236.530000000002,DAHR,2017-10-18 04:00:00+00:00
CAISO,1hr,other,17891.03,DAHR,2017-10-18 05:00:00+00:00
CAISO,1hr,other,15749.93,DAHR,2017-10-18 06:00:00+00:00
CAISO,1hr,other,13973.53,DAHR,2017-10-18 07:00:00+00:00
CAISO,1hr,other,13330.45,DAHR,2017-10-18 08:00:00+00:00
CAISO,1hr,other,12674.539999999999,DAHR,2017-10-18 09:00:00+00:00
CAISO,1hr,other,12548.06,DAHR,2017-10-18 10:00:00+00:00
CAISO,1hr,other,13006.42,DAHR,2017-10-18 11:00:00+00:00
CAISO,1hr,other,14883.189999999999,DAHR,2017-10-18 12:00:00+00:00
CAISO,1hr,other,16690.34,DAHR,2017-10-18 13:00:00+00:00
CAISO,1hr,other,16986.93,DAHR,2017-10-18 14:00:00+00:00
CAISO,1hr,other,15587.78,DAHR,2017-10-18 15:00:00+00:00
CAISO,1hr,other,13991.75,DAHR,2017-10-18 16:00:00+00:00
CAISO,1hr,other,14006.560000000001,DAHR,2017-10-18 17:00:00+00:00
CAISO,1hr,other,14338.430000000002,DAHR,2017-10-18 18:00:00+00:00
CAISO,1hr,other,14646.93,DAHR,2017-10-18 19:00:00+00:00
CAISO,1hr,other,15189.73,DAHR,2017-10-18 20:00:00+00:00
CAISO,1hr,other,16314.880000000001,DAHR,2017-10-18 21:00:00+00:00
CAISO,1hr,other,16811.37,DAHR,2017-10-18 22:00:00+00:00
CAISO,1hr,other,18746.269999999997,DAHR,2017-10-18 23:00:00+00:00
CAISO,1hr,other,22783.53,DAHR,2017-10-19 00:00:00+00:00
CAISO,1hr,other,23927.149999999998,DAHR,2017-10-19 01:00:00+00:00
CAISO,1hr,other,23754.35,DAHR,2017-10-19 02:00:00+00:00
CAISO,1hr,other,21604.59,DAHR,2017-10-19 03:00:00+00:00
CAISO,1hr,other,19526.37,DAHR,2017-10-19 04:00:00+00:00
CAISO,1hr,other,16754.35,DAHR,2017-10-19 05:00:00+00:00
CAISO,1hr,other,14160.720000000001,DAHR,2017-10-19 06:00:00+00:00
CAISO,1hr,other,12806.710000000001,DAHR,2017-10-19 07:00:00+00:00
CAISO,1hr,other,12107.47,DAHR,2017-10-19 08:00:00+00:00
CAISO,1hr,other,11732.9,DAHR,2017-10-19 09:00:00+00:00
CAISO,1hr,other,11716.550000000001,DAHR,2017-10-19 10:00:00+00:00
CAISO,1hr,other,11999.93,DAHR,2017-10-19 11:00:00+00:00
CAISO,1hr,other,13285.7,DAHR,2017-10-19 12:00:00+00:00
CAISO,1hr,other,14806.400000000001,DAHR,2017-10-19 13:00:00+00:00
CAISO,1hr,other,15299.300000000001,DAHR,2017-10-19 14:00:00+00:00
CAISO,1hr,other,12640.369999999999,DAHR,2017-10-19 15:00:00+00:00
CAISO,1hr,other,10829.060000000001,DAHR,2017-10-19 16:00:00+00:00
CAISO,1hr,other,10361.310000000001,DAHR,2017-10-19 17:00:00+00:00
CAISO,1hr,other,10304.039999999999,DAHR,2017-10-19 18:00:00+00:00
CAISO,1hr,other,10304.670000000002,DAHR,2017-10-19 19:00:00+00:00
CAISO,1hr,other,10663.650000000001,DAHR,2017-10-19 20:00:00+00:00
CAISO,1hr,other,10978.43,DAHR,2017-10-19 21:00:00+00:00
CAISO,1hr,other,11407.289999999999,DAHR,2017-10-19 22:00:00+00:00
CAISO,1hr,other,14288.48,DAHR,2017-10-19 23:00:00+00:00
CAISO,1hr,other,18176.04,DAHR,2017-10-20 00:00:00+00:00
CAISO,1hr,other,20312.12,DAHR,2017-10-20 01:00:00+00:00
CAISO,1hr,other,20177.019999999997,DAHR,2017-10-20 02:00:00+00:00
CAISO,1hr,other,18480.1,DAHR,2017-10-20 03:00:00+00:00
CAISO,1hr,other,16872.969999999998,DAHR,2017-10-20 04:00:00+00:00
CAISO,1hr,other,15514.53,DAHR,2017-10-20 05:00:00+00:00
CAISO,1hr,other,13162.419999999998,DAHR,2017-10-20 06:00:00+00:00
CAISO,1hr,other,12725.779999999999,DAHR,2017-10-20 07:00:00+00:00
CAISO,1hr,other,12046.4,DAHR,2017-10-20 08:00:00+00:00
CAISO,1hr,other,11790.92,DAHR,2017-10-20 09:00:00+00:00
CAISO,1hr,other,11821.66,DAHR,2017-10-20 10:00:00+00:00
CAISO,1hr,other,12119.9,DAHR,2017-10-20 11:00:00+00:00
CAISO,1hr,other,13573.420000000002,DAHR,2017-10-20 12:00:00+00:00
CAISO,1hr,other,14403.410000000002,DAHR,2017-10-20 13:00:00+00:00
CAISO,1hr,other,14664.88,DAHR,2017-10-20 14:00:00+00:00
CAISO,1hr,other,12552.84,DAHR,2017-10-20 15:00:00+00:00
CAISO,1hr,other,10969.23,DAHR,2017-10-20 16:00:00+00:00
CAISO,1hr,other,10260.229999999998,DAHR,2017-10-20 17:00:00+00:00
CAISO,1hr,other,9705.12,DAHR,2017-10-20 18:00:00+00:00
CAISO,1hr,other,9509.739999999998,DAHR,2017-10-20 19:00:00+00:00
CAISO,1hr,other,9969.17,DAHR,2017-10-20 20:00:00+00:00
CAISO,1hr,other,10191.630000000001,DAHR,2017-10-20 21:00:00+00:00
CAISO,1hr,other,10620.059999999998,DAHR,2017-10-20 22:00:00+00:00
CAISO,1hr,other,12366.57,DAHR,2017-10-20 23:00:00+00:00
CAISO,1hr,other,15975.7,DAHR,2017-10-21 00:00:00+00:00
CAISO,1hr,other,18146.56,DAHR,2017-10-21 01:00:00+00:00
CAISO,1hr,other,18265.21,DAHR,2017-10-21 02:00:00+00:00
CAISO,1hr,other,17187.4,DAHR,2017-10-21 03:00:00+00:00
CAISO,1hr,other,15852.14,DAHR,2017-10-21 04:00:00+00:00
CAISO,1hr,other,14818.77,DAHR,2017-10-21 05:00:00+00:00
CAISO,1hr,other,13068.619999999999,DAHR,2017-10-21 06:00:00+00:00
CAISO,1hr,other,12174.29,DAHR,2017-10-21 07:00:00+00:00
CAISO,1hr,other,11722.5,DAHR,2017-10-21 08:00:00+00:00
CAISO,1hr,other,11643.990000000002,DAHR,2017-10-21 09:00:00+00:00
CAISO,1hr,other,11655.32,DAHR,2017-10-21 10:00:00+00:00
CAISO,1hr,other,11726.75,DAHR,2017-10-21 11:00:00+00:00
CAISO,1hr,other,12611.890000000001,DAHR,2017-10-21 12:00:00+00:00
CAISO,1hr,other,13555.19,DAHR,2017-10-21 13:00:00+00:00
CAISO,1hr,other,13397.11,DAHR,2017-10-21 14:00:00+00:00
CAISO,1hr,other,11530.39,DAHR,2017-10-21 15:00:00+00:00
CAISO,1hr,other,9784.580000000002,DAHR,2017-10-21 16:00:00+00:00
CAISO,1hr,other,9186.489999999998,DAHR,2017-10-21 17:00:00+00:00
CAISO,1hr,other,8974.920000000002,DAHR,2017-10-21 18:00:00+00:00
CAISO,1hr,other,9068.72,DAHR,2017-10-21 19:00:00+00:00
CAISO,1hr,other,9366.48,DAHR,2017-10-21 20:00:00+00:00
CAISO,1hr,other,9595.750000000002,DAHR,2017-10-21 21:00:00+00:00
CAISO,1hr,other,10378.599999999999,DAHR,2017-10-21 22:00:00+00:00
CAISO,1hr,other,12763.86,DAHR,2017-10-21 23:00:00+00:00
CAISO,1hr,other,16678.77,DAHR,2017-10-22 00:00:00+00:00
CAISO,1hr,other,19567.11,DAHR,2017-10-22 01:00:00+00:00
CAISO,1hr,other,19649.02,DAHR,2017-10-22 02:00:00+00:00
CAISO,1hr,other,18319.600000000002,DAHR,2017-10-22 03:00:00+00:00
CAISO,1hr,other,17288.5,DAHR,2017-10-22 04:00:00+00:00
CAISO,1hr,other,16633.5,DAHR,2017-10-22 05:00:00+00:00
