ba_name,freq,market,net_exp_MW,timestamp
CAISO,1hr,DAM,-7272.34,2017-10-01 07:00:00+00:00
CAISO,1hr,DAM,-7159.0,2017-10-01 08:00:00+00:00
CAISO,1hr,DAM,-7589.0,2017-10-01 09:00:00+00:00
CAISO,1hr,DAM,-7167.5599999999995,2017-10-01 10:00:00+00:00
CAISO,1hr,DAM,-7674.0,2017-10-01 11:00:00+00:00
CAISO,1hr,DAM,-8124.0,2017-10-01 12:00:00+00:00
CAISO,1hr,DAM,-8399.0,2017-10-01 13:00:00+00:00
CAISO,1hr,DAM,-7457.0,2017-10-01 14:00:00+00:00
CAISO,1hr,DAM,-5060.37,2017-10-01 15:00:00+00:00
CAISO,1hr,DAM,-4055.63,2017-10-01 16:00:00+00:00
CAISO,1hr,DAM,-3962.0,2017-10-01 17:00:00+00:00
CAISO,1hr,DAM,-4111.0,2017-10-01 18:00:00+00:00
CAISO,1hr,DAM,-4036.0,2017-10-01 19:00:00+00:00
CAISO,1hr,DAM,-4280.0,2017-10-01 20:00:00+00:00
CAISO,1hr,DAM,-4627.0,2017-10-01 21:00:00+00:00
CAISO,1hr,DAM,-5410.0,2017-10-01 22:00:00+00:00
CAISO,1hr,DAM,-5681.0,2017-10-01 23:00:00+00:00
CAISO,1hr,DAM,-7752.4400000000005,2017-10-02 00:00:00+00:00
CAISO,1hr,DAM,-9236.8,2017-10-02 01:00:00+00:00
CAISO,1hr,DAM,-9460.0,2017-10-02 02:00:00+00:00
CAISO,1hr,DAM,-9317.0,2017-10-02 03:00:00+00:00
CAISO,1hr,DAM,-8153.6,2017-10-02 04:00:00+00:00
CAISO,1hr,DAM,-7596.200000000001,2017-10-02 05:00:00+00:00
CAISO,1hr,DAM,-7023.0,2017-10-02 06:00:00+00:00
CAISO,1hr,DAM,-6095.23,2017-10-02 07:00:00+00:00
CAISO,1hr,DAM,-6024.86,2017-10-02 08:00:00+00:00
CAISO,1hr,DAM,-5823.0,2017-10-02 09:00:00+00:00
CAISO,1hr,DAM,-5767.0,2017-10-02 10:00:00+00:00
CAISO,1hr,DAM,-6669.0,2017-10-02 11:00:00+00:00
CAISO,1hr,DAM,-7905.0,2017-10-02 12:00:00+00:00
CAISO,1hr,DAM,-9723.4,2017-10-02 13:00:00+00:00
CAISO,1hr,DAM,-9434.06,2017-10-02 14:00:00+00:00
CAISO,1hr,DAM,-7833.27,2017-10-02 15:00:00+00:00
CAISO,1hr,DAM,-6082.0,2017-10-02 16:00:00+00:00
CAISO,1hr,DAM,-5672.0,2017-10-02 17:00:00+00:00
CAISO,1hr,DAM,-5674.0,2017-10-02 18:00:00+00:00
CAISO,1hr,DAM,-5939.0,2017-10-02 19:00:00+00:00
CAISO,1hr,DAM,-6164.0,2017-10-02 20:00:00+00:00
CAISO,1hr,DAM,-6255.0,2017-10-02 21:00:00+00:00
CAISO,1hr,DAM,-6695.0,2017-10-02 22:00:00+00:00
CAISO,1hr,DAM,-7274.200000000001,2017-10-02 23:00:00+00:00
CAISO,1hr,DAM,-8725.599999999999,2017-10-03 00:00:00+00:00
CAISO,1hr,DAM,-9111.0,2017-10-03 01:00:00+00:00
CAISO,1hr,DAM,-9442.0,2017-10-03 02:00:00+00:00
CAISO,1hr,DAM,-9656.0,2017-10-03 03:00:00+00:00
CAISO,1hr,DAM,-8913.6,2017-10-03 04:00:00+00:00
CAISO,1hr,DAM,-7689.200000000001,2017-10-03 05:00:00+00:00
CAISO,1hr,DAM,-7670.0,2017-10-03 06:00:00+00:00
CAISO,1hr,DAM,-7049.0,2017-10-03 07:00:00+00:00
CAISO,1hr,DAM,-6711.0,2017-10-03 08:00:00+00:00
CAISO,1hr,DAM,-6833.0,2017-10-03 09:00:00+00:00
CAISO,1hr,DAM,-6884.0,2017-10-03 10:00:00+00:00
CAISO,1hr,DAM,-7169.0,2017-10-03 11:00:00+00:00
CAISO,1hr,DAM,-7571.0,2017-10-03 12:00:00+00:00
CAISO,1hr,DAM,-9230.0,2017-10-03 13:00:00+00:00
CAISO,1hr,DAM,-8910.0,2017-10-03 14:00:00+00:00
CAISO,1hr,DAM,-7735.0,2017-10-03 15:00:00+00:00
CAISO,1hr,DAM,-6067.0,2017-10-03 16:00:00+00:00
CAISO,1hr,DAM,-5547.0,2017-10-03 17:00:00+00:00
CAISO,1hr,DAM,-5448.0,2017-10-03 18:00:00+00:00
CAISO,1hr,DAM,-5309.0,2017-10-03 19:00:00+00:00
CAISO,1hr,DAM,-5352.0,2017-10-03 20:00:00+00:00
CAISO,1hr,DAM,-5570.0,2017-10-03 21:00:00+00:00
CAISO,1hr,DAM,-6262.0,2017-10-03 22:00:00+00:00
CAISO,1hr,DAM,-6949.0,2017-10-03 23:00:00+00:00
CAISO,1hr,DAM,-7829.74,2017-10-04 00:00:00+00:00
CAISO,1hr,DAM,-8512.58,2017-10-04 01:00:00+00:00
CAISO,1hr,DAM,-8729.0,2017-10-04 02:00:00+00:00
CAISO,1hr,DAM,-8657.1,2017-10-04 03:00:00+00:00
CAISO,1hr,DAM,-8309.4,2017-10-04 04:00:00+00:00
CAISO,1hr,DAM,-7340.0,2017-10-04 05:00:00+00:00
CAISO,1hr,DAM,-6808.47,2017-10-04 06:00:00+00:00
CAISO,1hr,DAM,-6551.0,2017-10-04 07:00:00+00:00
CAISO,1hr,DAM,-6025.0,2017-10-04 08:00:00+00:00
CAISO,1hr,DAM,-5779.0,2017-10-04 09:00:00+00:00
CAISO,1hr,DAM,-5672.0,2017-10-04 10:00:00+00:00
CAISO,1hr,DAM,-5953.0,2017-10-04 11:00:00+00:00
CAISO,1hr,DAM,-6853.0,2017-10-04 12:00:00+00:00
CAISO,1hr,DAM,-8332.4,2017-10-04 13:00:00+00:00
CAISO,1hr,DAM,-8184.0,2017-10-04 14:00:00+00:00
CAISO,1hr,DAM,-7191.0,2017-10-04 15:00:00+00:00
CAISO,1hr,DAM,-5531.0,2017-10-04 16:00:00+00:00
CAISO,1hr,DAM,-5025.28,2017-10-04 17:00:00+00:00
CAISO,1hr,DAM,-5066.92,2017-10-04 18:00:00+00:00
CAISO,1hr,DAM,-5153.0,2017-10-04 19:00:00+00:00
CAISO,1hr,DAM,-5594.280000000001,2017-10-04 20:00:00+00:00
CAISO,1hr,DAM,-6120.0,2017-10-04 21:00:00+00:00
CAISO,1hr,DAM,-6684.0,2017-10-04 22:00:00+00:00
CAISO,1hr,DAM,-7798.2,2017-10-04 23:00:00+00:00
CAISO,1hr,DAM,-8460.6,2017-10-05 00:00:00+00:00
CAISO,1hr,DAM,-8975.0,2017-10-05 01:00:00+00:00
CAISO,1hr,DAM,-9124.0,2017-10-05 02:00:00+00:00
CAISO,1hr,DAM,-9073.0,2017-10-05 03:00:00+00:00
CAISO,1hr,DAM,-8363.8,2017-10-05 04:00:00+00:00
CAISO,1hr,DAM,-7552.4,2017-10-05 05:00:00+00:00
CAISO,1hr,DAM,-7343.0,2017-10-05 06:00:00+00:00
CAISO,1hr,DAM,-7009.0,2017-10-05 07:00:00+00:00
CAISO,1hr,DAM,-6699.0,2017-10-05 08:00:00+00:00
CAISO,1hr,DAM,-6360.0,2017-10-05 09:00:00+00:00
CAISO,1hr,DAM,-6237.0,2017-10-05 10:00:00+00:00
CAISO,1hr,DAM,-6633.0,2017-10-05 11:00:00+00:00
CAISO,1hr,DAM,-7285.0,2017-10-05 12:00:00+00:00
CAISO,1hr,DAM,-8954.4,2017-10-05 13:00:00+00:00
CAISO,1hr,DAM,-8526.4,2017-10-05 14:00:00+00:00
CAISO,1hr,DAM,-6908.0,2017-10-05 15:00:00+00:00
CAISO,1hr,DAM,-5451.0,2017-10-05 16:00:00+00:00
CAISO,1hr,DAM,-5340.67,2017-10-05 17:00:00+00:00
CAISO,1hr,DAM,-5006.0,2017-10-05 18:00:00+00:00
CAISO,1hr,DAM,-5152.0,2017-10-05 19:00:00+00:00
CAISO,1hr,DAM,-5463.0,2017-10-05 20:00:00+00:00
CAISO,1hr,DAM,-6214.0,2017-10-05 21:00:00+00:00
CAISO,1hr,DAM,-6837.0,2017-10-05 22:00:00+00:00
CAISO,1hr,DAM,-7292.4,2017-10-05 23:00:00+00:00
CAISO,1hr,DAM,-7916.799999999999,2017-10-06 00:00:00+00:00
CAISO,1hr,DAM,-8182.25,2017-10-06 01:00:00+00:00
CAISO,1hr,DAM,-8403.0,2017-10-06 02:00:00+00:00
CAISO,1hr,DAM,-8758.83,2017-10-06 03:00:00+00:00
CAISO,1hr,DAM,-8025.799999999999,2017-10-06 04:00:00+00:00
CAISO,1hr,DAM,-7214.4,2017-10-06 05:00:00+00:00
CAISO,1hr,DAM,-7223.0,2017-10-06 06:00:00+00:00
CAISO,1hr,DAM,-7358.0,2017-10-06 07:00:00+00:00
CAISO,1hr,DAM,-7035.0,2017-10-06 08:00:00+00:00
CAISO,1hr,DAM,-7107.0,2017-10-06 09:00:00+00:00
CAISO,1hr,DAM,-6842.45,2017-10-06 10:00:00+00:00
CAISO,1hr,DAM,-7273.0,2017-10-06 11:00:00+00:00
CAISO,1hr,DAM,-7680.0,2017-10-06 12:00:00+00:00
CAISO,1hr,DAM,-9319.4,2017-10-06 13:00:00+00:00
CAISO,1hr,DAM,-9132.4,2017-10-06 14:00:00+00:00
CAISO,1hr,DAM,-7176.610000000001,2017-10-06 15:00:00+00:00
CAISO,1hr,DAM,-5773.83,2017-10-06 16:00:00+00:00
CAISO,1hr,DAM,-5648.4800000000005,2017-10-06 17:00:00+00:00
CAISO,1hr,DAM,-5936.0,2017-10-06 18:00:00+00:00
CAISO,1hr,DAM,-6521.0,2017-10-06 19:00:00+00:00
CAISO,1hr,DAM,-7009.0,2017-10-06 20:00:00+00:00
CAISO,1hr,DAM,-7457.0,2017-10-06 21:00:00+00:00
CAISO,1hr,DAM,-7828.0,2017-10-06 22:00:00+00:00
CAISO,1hr,DAM,-7893.0,2017-10-06 23:00:00+00:00
CAISO,1hr,DAM,-8295.0,2017-10-07 00:00:00+00:00
CAISO,1hr,DAM,-8801.21,2017-10-07 01:00:00+00:00
CAISO,1hr,DAM,-8888.1,2017-10-07 02:00:00+00:00
CAISO,1hr,DAM,-8883.54,2017-10-07 03:00:00+00:00
CAISO,1hr,DAM,-8570.8,2017-10-07 04:00:00+00:00
CAISO,1hr,DAM,-8045.469999999999,2017-10-07 05:00:00+00:00
CAISO,1hr,DAM,-7692.0,2017-10-07 06:00:00+00:00
CAISO,1hr,DAM,-6781.0,2017-10-07 07:00:00+00:00
CAISO,1hr,DAM,-7683.0,2017-10-07 08:00:00+00:00
CAISO,1hr,DAM,-7795.0,2017-10-07 09:00:00+00:00
CAISO,1hr,DAM,-7469.0,2017-10-07 10:00:00+00:00
CAISO,1hr,DAM,-7616.0,2017-10-07 11:00:00+00:00
CAISO,1hr,DAM,-7520.0,2017-10-07 12:00:00+00:00
CAISO,1hr,DAM,-7573.4,2017-10-07 13:00:00+00:00
CAISO,1hr,DAM,-8003.0,2017-10-07 14:00:00+00:00
CAISO,1hr,DAM,-6870.0,2017-10-07 15:00:00+00:00
CAISO,1hr,DAM,-5865.0,2017-10-07 16:00:00+00:00
CAISO,1hr,DAM,-5787.0,2017-10-07 17:00:00+00:00
CAISO,1hr,DAM,-5751.0,2017-10-07 18:00:00+00:00
CAISO,1hr,DAM,-6179.11,2017-10-07 19:00:00+00:00
CAISO,1hr,DAM,-6805.0,2017-10-07 20:00:00+00:00
CAISO,1hr,DAM,-7302.0,2017-10-07 21:00:00+00:00
CAISO,1hr,DAM,-7598.0,2017-10-07 22:00:00+00:00
CAISO,1hr,DAM,-7490.0,2017-10-07 23:00:00+00:00
CAISO,1hr,DAM,-7951.0,2017-10-08 00:00:00+00:00
CAISO,1hr,DAM,-8343.0,2017-10-08 01:00:00+00:00
CAISO,1hr,DAM,-8659.37,2017-10-08 02:00:00+00:00
CAISO,1hr,DAM,-8429.77,2017-10-08 03:00:00+00:00
CAISO,1hr,DAM,-7908.02,2017-10-08 04:00:00+00:00
CAISO,1hr,DAM,-7086.0,2017-10-08 05:00:00+00:00
CAISO,1hr,DAM,-6852.0,2017-10-08 06:00:00+00:00
CAISO,1hr,DAM,-6833.0,2017-10-08 07:00:00+00:00
CAISO,1hr,DAM,-6915.0,2017-10-08 08:00:00+00:00
CAISO,1hr,DAM,-6904.0,2017-10-08 09:00:00+00:00
CAISO,1hr,DAM,-6681.59,2017-10-08 10:00:00+00:00
CAISO,1hr,DAM,-6485.39,2017-10-08 11:00:00+00:00
CAISO,1hr,DAM,-6560.0,2017-10-08 12:00:00+00:00
CAISO,1hr,DAM,-6670.0,2017-10-08 13:00:00+00:00
CAISO,1hr,DAM,-6498.0,2017-10-08 14:00:00+00:00
CAISO,1hr,DAM,-4432.0,2017-10-08 15:00:00+00:00
CAISO,1hr,DAM,-3530.0,2017-10-08 16:00:00+00:00
CAISO,1hr,DAM,-3398.0,2017-10-08 17:00:00+00:00
CAISO,1hr,DAM,-3386.62,2017-10-08 18:00:00+00:00
CAISO,1hr,DAM,-3398.0,2017-10-08 19:00:00+00:00
CAISO,1hr,DAM,-3280.0,2017-10-08 20:00:00+00:00
CAISO,1hr,DAM,-3701.0,2017-10-08 21:00:00+00:00
CAISO,1hr,DAM,-3911.0,2017-10-08 22:00:00+00:00
CAISO,1hr,DAM,-4445.2,2017-10-08 23:00:00+00:00
CAISO,1hr,DAM,-6339.6,2017-10-09 00:00:00+00:00
CAISO,1hr,DAM,-7150.0,2017-10-09 01:00:00+00:00
CAISO,1hr,DAM,-7627.0,2017-10-09 02:00:00+00:00
CAISO,1hr,DAM,-7582.0,2017-10-09 03:00:00+00:00
CAISO,1hr,DAM,-7123.6,2017-10-09 04:00:00+00:00
CAISO,1hr,DAM,-6626.2,2017-10-09 05:00:00+00:00
CAISO,1hr,DAM,-6434.0,2017-10-09 06:00:00+00:00
CAISO,1hr,DAM,-6650.0,2017-10-09 07:00:00+00:00
CAISO,1hr,DAM,-6075.0,2017-10-09 08:00:00+00:00
CAISO,1hr,DAM,-6144.0,2017-10-09 09:00:00+00:00
CAISO,1hr,DAM,-5828.0,2017-10-09 10:00:00+00:00
CAISO,1hr,DAM,-6302.24,2017-10-09 11:00:00+00:00
CAISO,1hr,DAM,-7182.0,2017-10-09 12:00:00+00:00
CAISO,1hr,DAM,-8399.67,2017-10-09 13:00:00+00:00
CAISO,1hr,DAM,-8160.0,2017-10-09 14:00:00+00:00
CAISO,1hr,DAM,-6703.0,2017-10-09 15:00:00+00:00
CAISO,1hr,DAM,-5482.0,2017-10-09 16:00:00+00:00
CAISO,1hr,DAM,-5178.0,2017-10-09 17:00:00+00:00
CAISO,1hr,DAM,-5317.0,2017-10-09 18:00:00+00:00
CAISO,1hr,DAM,-5441.0,2017-10-09 19:00:00+00:00
CAISO,1hr,DAM,-5812.0,2017-10-09 20:00:00+00:00
CAISO,1hr,DAM,-6120.34,2017-10-09 21:00:00+00:00
CAISO,1hr,DAM,-6915.0,2017-10-09 22:00:00+00:00
CAISO,1hr,DAM,-7001.0,2017-10-09 23:00:00+00:00
CAISO,1hr,DAM,-7850.0,2017-10-10 00:00:00+00:00
CAISO,1hr,DAM,-8528.0,2017-10-10 01:00:00+00:00
CAISO,1hr,DAM,-8610.25,2017-10-10 02:00:00+00:00
CAISO,1hr,DAM,-8052.0,2017-10-10 03:00:00+00:00
CAISO,1hr,DAM,-7798.0,2017-10-10 04:00:00+00:00
CAISO,1hr,DAM,-6939.65,2017-10-10 05:00:00+00:00
CAISO,1hr,DAM,-6862.66,2017-10-10 06:00:00+00:00
CAISO,1hr,DAM,-6787.88,2017-10-10 07:00:00+00:00
CAISO,1hr,DAM,-6760.0,2017-10-10 08:00:00+00:00
CAISO,1hr,DAM,-6669.0,2017-10-10 09:00:00+00:00
CAISO,1hr,DAM,-6492.0,2017-10-10 10:00:00+00:00
CAISO,1hr,DAM,-6593.0,2017-10-10 11:00:00+00:00
CAISO,1hr,DAM,-6757.0,2017-10-10 12:00:00+00:00
CAISO,1hr,DAM,-8008.0,2017-10-10 13:00:00+00:00
CAISO,1hr,DAM,-7672.0,2017-10-10 14:00:00+00:00
CAISO,1hr,DAM,-6528.0,2017-10-10 15:00:00+00:00
CAISO,1hr,DAM,-5668.0,2017-10-10 16:00:00+00:00
CAISO,1hr,DAM,-5486.0,2017-10-10 17:00:00+00:00
CAISO,1hr,DAM,-5482.0,2017-10-10 18:00:00+00:00
CAISO,1hr,DAM,-5640.0,2017-10-10 19:00:00+00:00
CAISO,1hr,DAM,-5922.0,2017-10-10 20:00:00+00:00
CAISO,1hr,DAM,-6154.13,2017-10-10 21:00:00+00:00
CAISO,1hr,DAM,-6739.0,2017-10-10 22:00:00+00:00
CAISO,1hr,DAM,-7101.0,2017-10-10 23:00:00+00:00
CAISO,1hr,DAM,-8084.0,2017-10-11 00:00:00+00:00
CAISO,1hr,DAM,-8451.0,2017-10-11 01:00:00+00:00
CAISO,1hr,DAM,-8475.0,2017-10-11 02:00:00+00:00
CAISO,1hr,DAM,-8055.0,2017-10-11 03:00:00+00:00
CAISO,1hr,DAM,-7855.0,2017-10-11 04:00:00+00:00
CAISO,1hr,DAM,-7344.0,2017-10-11 05:00:00+00:00
CAISO,1hr,DAM,-7312.0,2017-10-11 06:00:00+00:00
CAISO,1hr,DAM,-7463.0,2017-10-11 07:00:00+00:00
CAISO,1hr,DAM,-7118.0,2017-10-11 08:00:00+00:00
CAISO,1hr,DAM,-6804.47,2017-10-11 09:00:00+00:00
CAISO,1hr,DAM,-6727.0,2017-10-11 10:00:00+00:00
CAISO,1hr,DAM,-6915.49,2017-10-11 11:00:00+00:00
CAISO,1hr,DAM,-7344.0,2017-10-11 12:00:00+00:00
CAISO,1hr,DAM,-8066.0,2017-10-11 13:00:00+00:00
CAISO,1hr,DAM,-7454.0,2017-10-11 14:00:00+00:00
CAISO,1hr,DAM,-6706.0,2017-10-11 15:00:00+00:00
CAISO,1hr,DAM,-5510.0,2017-10-11 16:00:00+00:00
CAISO,1hr,DAM,-5243.0,2017-10-11 17:00:00+00:00
CAISO,1hr,DAM,-5231.0,2017-10-11 18:00:00+00:00
CAISO,1hr,DAM,-5191.0,2017-10-11 19:00:00+00:00
CAISO,1hr,DAM,-5348.0,2017-10-11 20:00:00+00:00
CAISO,1hr,DAM,-5473.0,2017-10-11 21:00:00+00:00
CAISO,1hr,DAM,-5827.67,2017-10-11 22:00:00+00:00
CAISO,1hr,DAM,-6972.860000000001,2017-10-11 23:00:00+00:00
CAISO,1hr,DAM,-7835.25,2017-10-12 00:00:00+00:00
CAISO,1hr,DAM,-8182.0,2017-10-12 01:00:00+00:00
CAISO,1hr,DAM,-8087.0,2017-10-12 02:00:00+00:00
CAISO,1hr,DAM,-7830.0,2017-10-12 03:00:00+00:00
CAISO,1hr,DAM,-7570.0,2017-10-12 04:00:00+00:00
CAISO,1hr,DAM,-7205.0,2017-10-12 05:00:00+00:00
CAISO,1hr,DAM,-7196.0,2017-10-12 06:00:00+00:00
CAISO,1hr,DAM,-6256.0,2017-10-12 07:00:00+00:00
CAISO,1hr,DAM,-6641.0,2017-10-12 08:00:00+00:00
CAISO,1hr,DAM,-5945.0,2017-10-12 09:00:00+00:00
CAISO,1hr,DAM,-5932.0,2017-10-12 10:00:00+00:00
CAISO,1hr,DAM,-6640.95,2017-10-12 11:00:00+00:00
CAISO,1hr,DAM,-6902.0,2017-10-12 12:00:00+00:00
CAISO,1hr,DAM,-7638.4400000000005,2017-10-12 13:00:00+00:00
CAISO,1hr,DAM,-7443.0,2017-10-12 14:00:00+00:00
CAISO,1hr,DAM,-6770.0,2017-10-12 15:00:00+00:00
CAISO,1hr,DAM,-5366.0,2017-10-12 16:00:00+00:00
CAISO,1hr,DAM,-4988.0,2017-10-12 17:00:00+00:00
CAISO,1hr,DAM,-4937.5,2017-10-12 18:00:00+00:00
CAISO,1hr,DAM,-4680.0,2017-10-12 19:00:00+00:00
CAISO,1hr,DAM,-4847.0,2017-10-12 20:00:00+00:00
CAISO,1hr,DAM,-4921.0,2017-10-12 21:00:00+00:00
CAISO,1hr,DAM,-5275.0,2017-10-12 22:00:00+00:00
CAISO,1hr,DAM,-6538.0,2017-10-12 23:00:00+00:00
CAISO,1hr,DAM,-7768.25,2017-10-13 00:00:00+00:00
CAISO,1hr,DAM,-8128.4,2017-10-13 01:00:00+00:00
CAISO,1hr,DAM,-8055.59,2017-10-13 02:00:00+00:00
CAISO,1hr,DAM,-7852.0,2017-10-13 03:00:00+00:00
CAISO,1hr,DAM,-7478.0,2017-10-13 04:00:00+00:00
CAISO,1hr,DAM,-6892.0,2017-10-13 05:00:00+00:00
CAISO,1hr,DAM,-6781.0,2017-10-13 06:00:00+00:00
CAISO,1hr,DAM,-6707.0,2017-10-13 07:00:00+00:00
CAISO,1hr,DAM,-6621.0,2017-10-13 08:00:00+00:00
CAISO,1hr,DAM,-6700.0,2017-10-13 09:00:00+00:00
CAISO,1hr,DAM,-6686.0,2017-10-13 10:00:00+00:00
CAISO,1hr,DAM,-6851.0,2017-10-13 11:00:00+00:00
CAISO,1hr,DAM,-7123.0,2017-10-13 12:00:00+00:00
CAISO,1hr,DAM,-8286.27,2017-10-13 13:00:00+00:00
CAISO,1hr,DAM,-8044.0,2017-10-13 14:00:00+00:00
CAISO,1hr,DAM,-6698.0,2017-10-13 15:00:00+00:00
CAISO,1hr,DAM,-5884.0,2017-10-13 16:00:00+00:00
CAISO,1hr,DAM,-5386.0,2017-10-13 17:00:00+00:00
CAISO,1hr,DAM,-5307.0,2017-10-13 18:00:00+00:00
CAISO,1hr,DAM,-5206.0,2017-10-13 19:00:00+00:00
CAISO,1hr,DAM,-5426.0,2017-10-13 20:00:00+00:00
CAISO,1hr,DAM,-5283.0,2017-10-13 21:00:00+00:00
CAISO,1hr,DAM,-5879.0,2017-10-13 22:00:00+00:00
CAISO,1hr,DAM,-7157.0,2017-10-13 23:00:00+00:00
CAISO,1hr,DAM,-8052.4,2017-10-14 00:00:00+00:00
CAISO,1hr,DAM,-8244.84,2017-10-14 01:00:00+00:00
CAISO,1hr,DAM,-8153.66,2017-10-14 02:00:00+00:00
CAISO,1hr,DAM,-7965.0,2017-10-14 03:00:00+00:00
CAISO,1hr,DAM,-7443.700000000001,2017-10-14 04:00:00+00:00
CAISO,1hr,DAM,-7003.0,2017-10-14 05:00:00+00:00
CAISO,1hr,DAM,-6770.0,2017-10-14 06:00:00+00:00
CAISO,1hr,DAM,-6571.0,2017-10-14 07:00:00+00:00
CAISO,1hr,DAM,-6248.0,2017-10-14 08:00:00+00:00
CAISO,1hr,DAM,-6194.0,2017-10-14 09:00:00+00:00
CAISO,1hr,DAM,-5491.0,2017-10-14 10:00:00+00:00
CAISO,1hr,DAM,-5513.0,2017-10-14 11:00:00+00:00
CAISO,1hr,DAM,-5588.09,2017-10-14 12:00:00+00:00
CAISO,1hr,DAM,-6683.4,2017-10-14 13:00:00+00:00
CAISO,1hr,DAM,-6540.4,2017-10-14 14:00:00+00:00
CAISO,1hr,DAM,-5532.15,2017-10-14 15:00:00+00:00
CAISO,1hr,DAM,-4483.0,2017-10-14 16:00:00+00:00
CAISO,1hr,DAM,-4339.0,2017-10-14 17:00:00+00:00
CAISO,1hr,DAM,-4297.39,2017-10-14 18:00:00+00:00
CAISO,1hr,DAM,-4346.0,2017-10-14 19:00:00+00:00
CAISO,1hr,DAM,-4447.0,2017-10-14 20:00:00+00:00
CAISO,1hr,DAM,-5188.0,2017-10-14 21:00:00+00:00
CAISO,1hr,DAM,-5705.2,2017-10-14 22:00:00+00:00
CAISO,1hr,DAM,-5967.6,2017-10-14 23:00:00+00:00
CAISO,1hr,DAM,-6716.0,2017-10-15 00:00:00+00:00
CAISO,1hr,DAM,-7228.0,2017-10-15 01:00:00+00:00
CAISO,1hr,DAM,-7173.0,2017-10-15 02:00:00+00:00
CAISO,1hr,DAM,-7370.0,2017-10-15 03:00:00+00:00
CAISO,1hr,DAM,-6924.0,2017-10-15 04:00:00+00:00
CAISO,1hr,DAM,-6160.0,2017-10-15 05:00:00+00:00
CAISO,1hr,DAM,-5838.6,2017-10-15 06:00:00+00:00
CAISO,1hr,DAM,-5729.4,2017-10-15 07:00:00+00:00
CAISO,1hr,DAM,-5454.0,2017-10-15 08:00:00+00:00
CAISO,1hr,DAM,-5472.0,2017-10-15 09:00:00+00:00
CAISO,1hr,DAM,-5339.0,2017-10-15 10:00:00+00:00
CAISO,1hr,DAM,-5297.0,2017-10-15 11:00:00+00:00
CAISO,1hr,DAM,-5455.0,2017-10-15 12:00:00+00:00
CAISO,1hr,DAM,-5889.16,2017-10-15 13:00:00+00:00
CAISO,1hr,DAM,-5940.0,2017-10-15 14:00:00+00:00
CAISO,1hr,DAM,-4337.22,2017-10-15 15:00:00+00:00
CAISO,1hr,DAM,-3504.0,2017-10-15 16:00:00+00:00
CAISO,1hr,DAM,-3407.0,2017-10-15 17:00:00+00:00
CAISO,1hr,DAM,-3265.0,2017-10-15 18:00:00+00:00
CAISO,1hr,DAM,-3534.0,2017-10-15 19:00:00+00:00
CAISO,1hr,DAM,-3737.0,2017-10-15 20:00:00+00:00
CAISO,1hr,DAM,-4480.0,2017-10-15 21:00:00+00:00
CAISO,1hr,DAM,-4940.4,2017-10-15 22:00:00+00:00
CAISO,1hr,DAM,-5208.8,2017-10-15 23:00:00+00:00
CAISO,1hr,DAM,-6165.0,2017-10-16 00:00:00+00:00
CAISO,1hr,DAM,-6484.0,2017-10-16 01:00:00+00:00
CAISO,1hr,DAM,-6491.0,2017-10-16 02:00:00+00:00
CAISO,1hr,DAM,-6534.0,2017-10-16 03:00:00+00:00
CAISO,1hr,DAM,-6525.0,2017-10-16 04:00:00+00:00
CAISO,1hr,DAM,-6014.0,2017-10-16 05:00:00+00:00
CAISO,1hr,DAM,-5817.0,2017-10-16 06:00:00+00:00
CAISO,1hr,DAM,-5371.6,2017-10-16 07:00:00+00:00
CAISO,1hr,DAM,-5533.2,2017-10-16 08:00:00+00:00
CAISO,1hr,DAM,-5445.0,2017-10-16 09:00:00+00:00
CAISO,1hr,DAM,-5476.0,2017-10-16 10:00:00+00:00
CAISO,1hr,DAM,-5565.0,2017-10-16 11:00:00+00:00
CAISO,1hr,DAM,-5806.4,2017-10-16 12:00:00+00:00
CAISO,1hr,DAM,-7160.8,2017-10-16 13:00:00+00:00
CAISO,1hr,DAM,-6944.4,2017-10-16 14:00:00+00:00
CAISO,1hr,DAM,-6011.0,2017-10-16 15:00:00+00:00
CAISO,1hr,DAM,-5595.0,2017-10-16 16:00:00+00:00
CAISO,1hr,DAM,-5541.0,2017-10-16 17:00:00+00:00
CAISO,1hr,DAM,-5756.0,2017-10-16 18:00:00+00:00
CAISO,1hr,DAM,-5681.0,2017-10-16 19:00:00+00:00
CAISO,1hr,DAM,-5774.0,2017-10-16 20:00:00+00:00
CAISO,1hr,DAM,-5871.95,2017-10-16 21:00:00+00:00
CAISO,1hr,DAM,-6071.4,2017-10-16 22:00:00+00:00
CAISO,1hr,DAM,-6384.8,2017-10-16 23:00:00+00:00
CAISO,1hr,DAM,-6822.0,2017-10-17 00:00:00+00:00
CAISO,1hr,DAM,-7143.0,2017-10-17 01:00:00+00:00
CAISO,1hr,DAM,-7195.0,2017-10-17 02:00:00+00:00
CAISO,1hr,DAM,-7220.0,2017-10-17 03:00:00+00:00
CAISO,1hr,DAM,-6965.0,2017-10-17 04:00:00+00:00
CAISO,1hr,DAM,-5673.0,2017-10-17 05:00:00+00:00
CAISO,1hr,DAM,-5603.0,2017-10-17 06:00:00+00:00
CAISO,1hr,DAM,-6216.8,2017-10-17 07:00:00+00:00
CAISO,1hr,DAM,-6303.4,2017-10-17 08:00:00+00:00
CAISO,1hr,DAM,-6039.0,2017-10-17 09:00:00+00:00
CAISO,1hr,DAM,-5918.0,2017-10-17 10:00:00+00:00
CAISO,1hr,DAM,-6178.26,2017-10-17 11:00:00+00:00
CAISO,1hr,DAM,-6188.6,2017-10-17 12:00:00+00:00
CAISO,1hr,DAM,-7275.0,2017-10-17 13:00:00+00:00
CAISO,1hr,DAM,-7203.0,2017-10-17 14:00:00+00:00
CAISO,1hr,DAM,-6281.6,2017-10-17 15:00:00+00:00
CAISO,1hr,DAM,-5779.2,2017-10-17 16:00:00+00:00
CAISO,1hr,DAM,-5659.0,2017-10-17 17:00:00+00:00
CAISO,1hr,DAM,-5680.0,2017-10-17 18:00:00+00:00
CAISO,1hr,DAM,-5918.0,2017-10-17 19:00:00+00:00
CAISO,1hr,DAM,-6278.31,2017-10-17 20:00:00+00:00
CAISO,1hr,DAM,-6380.75,2017-10-17 21:00:00+00:00
CAISO,1hr,DAM,-6324.0,2017-10-17 22:00:00+00:00
CAISO,1hr,DAM,-6384.0,2017-10-17 23:00:00+00:00
CAISO,1hr,DAM,-7015.6900000000005,2017-10-18 00:00:00+00:00
CAISO,1hr,DAM,-7262.0,2017-10-18 01:00:00+00:00
CAISO,1hr,DAM,-7481.0,2017-10-18 02:00:00+00:00
CAISO,1hr,DAM,-7551.0,2017-10-18 03:00:00+00:00
CAISO,1hr,DAM,-7208.6,2017-10-18 04:00:00+00:00
CAISO,1hr,DAM,-6586.0,2017-10-18 05:00:00+00:00
CAISO,1hr,DAM,-6244.0,2017-10-18 06:00:00+00:00
CAISO,1hr,DAM,-6274.6,2017-10-18 07:00:00+00:00
CAISO,1hr,DAM,-6019.2,2017-10-18 08:00:00+00:00
CAISO,1hr,DAM,-5934.0,2017-10-18 09:00:00+00:00
CAISO,1hr,DAM,-5654.0,2017-10-18 10:00:00+00:00
CAISO,1hr,DAM,-6033.94,2017-10-18 11:00:00+00:00
CAISO,1hr,DAM,-6498.6,2017-10-18 12:00:00+00:00
CAISO,1hr,DAM,-6979.0,2017-10-18 13:00:00+00:00
CAISO,1hr,DAM,-6974.0,2017-10-18 14:00:00+00:00
CAISO,1hr,DAM,-6094.6,2017-10-18 15:00:00+00:00
CAISO,1hr,DAM,-5658.38,2017-10-18 16:00:00+00:00
CAISO,1hr,DAM,-5210.0,2017-10-18 17:00:00+00:00
CAISO,1hr,DAM,-5340.0,2017-10-18 18:00:00+00:00
CAISO,1hr,DAM,-5474.0,2017-10-18 19:00:00+00:00
CAISO,1hr,DAM,-5733.0,2017-10-18 20:00:00+00:00
CAISO,1hr,DAM,-5898.4,2017-10-18 21:00:00+00:00
CAISO,1hr,DAM,-5943.8,2017-10-18 22:00:00+00:00
CAISO,1hr,DAM,-6347.0,2017-10-18 23:00:00+00:00
CAISO,1hr,DAM,-6629.0,2017-10-19 00:00:00+00:00
CAISO,1hr,DAM,-7151.299999999999,2017-10-19 01:00:00+00:00
CAISO,1hr,DAM,-7100.26,2017-10-19 02:00:00+00:00
CAISO,1hr,DAM,-6839.49,2017-10-19 03:00:00+00:00
CAISO,1hr,DAM,-6645.0,2017-10-19 04:00:00+00:00
CAISO,1hr,DAM,-6547.0,2017-10-19 05:00:00+00:00
CAISO,1hr,DAM,-6481.0,2017-10-19 06:00:00+00:00
CAISO,1hr,DAM,-5619.6,2017-10-19 07:00:00+00:00
CAISO,1hr,DAM,-5254.2,2017-10-19 08:00:00+00:00
CAISO,1hr,DAM,-4873.45,2017-10-19 09:00:00+00:00
CAISO,1hr,DAM,-4745.0,2017-10-19 10:00:00+00:00
CAISO,1hr,DAM,-5057.0,2017-10-19 11:00:00+00:00
CAISO,1hr,DAM,-5567.4,2017-10-19 12:00:00+00:00
CAISO,1hr,DAM,-6822.8,2017-10-19 13:00:00+00:00
CAISO,1hr,DAM,-6655.8,2017-10-19 14:00:00+00:00
CAISO,1hr,DAM,-5857.4,2017-10-19 15:00:00+00:00
CAISO,1hr,DAM,-4815.0,2017-10-19 16:00:00+00:00
CAISO,1hr,DAM,-4366.0,2017-10-19 17:00:00+00:00
CAISO,1hr,DAM,-4345.0,2017-10-19 18:00:00+00:00
CAISO,1hr,DAM,-4307.0,2017-10-19 19:00:00+00:00
CAISO,1hr,DAM,-4550.0,2017-10-19 20:00:00+00:00
CAISO,1hr,DAM,-4569.0,2017-10-19 21:00:00+00:00
CAISO,1hr,DAM,-4874.7,2017-10-19 22:00:00+00:00
CAISO,1hr,DAM,-5285.4,2017-10-19 23:00:00+00:00
CAISO,1hr,DAM,-6494.8,2017-10-20 00:00:00+00:00
CAISO,1hr,DAM,-6672.0,2017-10-20 01:00:00+00:00
CAISO,1hr,DAM,-6865.0,2017-10-20 02:00:00+00:00
CAISO,1hr,DAM,-7010.0,2017-10-20 03:00:00+00:00
CAISO,1hr,DAM,-6776.0,2017-10-20 04:00:00+00:00
CAISO,1hr,DAM,-5985.6,2017-10-20 05:00:00+00:00
CAISO,1hr,DAM,-5787.36,2017-10-20 06:00:00+00:00
CAISO,1hr,DAM,-5263.85,2017-10-20 07:00:00+00:00
CAISO,1hr,DAM,-4896.0,2017-10-20 08:00:00+00:00
CAISO,1hr,DAM,-4575.0,2017-10-20 09:00:00+00:00
CAISO,1hr,DAM,-4571.0,2017-10-20 10:00:00+00:00
CAISO,1hr,DAM,-4945.0,2017-10-20 11:00:00+00:00
CAISO,1hr,DAM,-5406.0,2017-10-20 12:00:00+00:00
CAISO,1hr,DAM,-7251.4,2017-10-20 13:00:00+00:00
CAISO,1hr,DAM,-7338.799999999999,2017-10-20 14:00:00+00:00
CAISO,1hr,DAM,-6498.4,2017-10-20 15:00:00+00:00
CAISO,1hr,DAM,-5410.0,2017-10-20 16:00:00+00:00
CAISO,1hr,DAM,-4878.0,2017-10-20 17:00:00+00:00
CAISO,1hr,DAM,-4673.0,2017-10-20 18:00:00+00:00
CAISO,1hr,DAM,-4605.0,2017-10-20 19:00:00+00:00
CAISO,1hr,DAM,-4575.0,2017-10-20 20:00:00+00:00
CAISO,1hr,DAM,-4804.0,2017-10-20 21:00:00+00:00
CAISO,1hr,DAM,-4842.0,2017-10-20 22:00:00+00:00
CAISO,1hr,DAM,-5281.2,2017-10-20 23:00:00+00:00
CAISO,1hr,DAM,-7148.6,2017-10-21 00:00:00+00:00
CAISO,1hr,DAM,-7541.0,2017-10-21 01:00:00+00:00
CAISO,1hr,DAM,-7489.57,2017-10-21 02:00:00+00:00
CAISO,1hr,DAM,-7449.0,2017-10-21 03:00:00+00:00
CAISO,1hr,DAM,-7030.8,2017-10-21 04:00:00+00:00
CAISO,1hr,DAM,-6116.4,2017-10-21 05:00:00+00:00
CAISO,1hr,DAM,-5886.0,2017-10-21 06:00:00+00:00
CAISO,1hr,DAM,-5869.0,2017-10-21 07:00:00+00:00
CAISO,1hr,DAM,-5505.9,2017-10-21 08:00:00+00:00
CAISO,1hr,DAM,-5263.0,2017-10-21 09:00:00+00:00
CAISO,1hr,DAM,-5355.0,2017-10-21 10:00:00+00:00
CAISO,1hr,DAM,-5525.29,2017-10-21 11:00:00+00:00
CAISO,1hr,DAM,-6134.0,2017-10-21 12:00:00+00:00
CAISO,1hr,DAM,-6548.4,2017-10-21 13:00:00+00:00
CAISO,1hr,DAM,-6446.4,2017-10-21 14:00:00+00:00
CAISO,1hr,DAM,-5775.0,2017-10-21 15:00:00+00:00
CAISO,1hr,DAM,-5143.0,2017-10-21 16:00:00+00:00
CAISO,1hr,DAM,-4764.0,2017-10-21 17:00:00+00:00
CAISO,1hr,DAM,-4615.0,2017-10-21 18:00:00+00:00
CAISO,1hr,DAM,-4660.0,2017-10-21 19:00:00+00:00
CAISO,1hr,DAM,-4578.9,2017-10-21 20:00:00+00:00
CAISO,1hr,DAM,-4782.0,2017-10-21 21:00:00+00:00
CAISO,1hr,DAM,-5036.0,2017-10-21 22:00:00+00:00
CAISO,1hr,DAM,-6029.4,2017-10-21 23:00:00+00:00
CAISO,1hr,DAM,-7338.799999999999,2017-10-22 00:00:00+00:00
CAISO,1hr,DAM,-7637.0,2017-10-22 01:00:00+00:00
CAISO,1hr,DAM,-7692.0,2017-10-22 02:00:00+00:00
CAISO,1hr,DAM,-7672.0,2017-10-22 03:00:00+00:00
CAISO,1hr,DAM,-7523.0,2017-10-22 04:00:00+00:00
CAISO,1hr,DAM,-6612.0,2017-10-22 05:00:00+00:00
CAISO,1hr,DAM,-6292.6,2017-10-22 06:00:00+00:00
CAISO,1hr,DAM,-6296.2,2017-10-22 07:00:00+00:00
CAISO,1hr,DAM,-6201.79,2017-10-22 08:00:00+00:00
CAISO,1hr,DAM,-6323.0,2017-10-22 09:00:00+00:00
CAISO,1hr,DAM,-6342.0,2017-10-22 10:00:00+00:00
CAISO,1hr,DAM,-6493.0,2017-10-22 11:00:00+00:00
CAISO,1hr,DAM,-6517.0,2017-10-22 12:00:00+00:00
CAISO,1hr,DAM,-6877.71,2017-10-22 13:00:00+00:00
CAISO,1hr,DAM,-6854.0,2017-10-22 14:00:00+00:00
CAISO,1hr,DAM,-6270.0,2017-10-22 15:00:00+00:00
CAISO,1hr,DAM,-5003.0,2017-10-22 16:00:00+00:00
CAISO,1hr,DAM,-4555.0,2017-10-22 17:00:00+00:00
CAISO,1hr,DAM,-4436.0,2017-10-22 18:00:00+00:00
CAISO,1hr,DAM,-4535.0,2017-10-22 19:00:00+00:00
CAISO,1hr,DAM,-4900.0,2017-10-22 20:00:00+00:00
CAISO,1hr,DAM,-5456.0,2017-10-22 21:00:00+00:00
CAISO,1hr,DAM,-6163.2,2017-10-22 22:00:00+00:00
CAISO,1hr,DAM,-6620.6,2017-10-22 23:00:00+00:00
CAISO,1hr,DAM,-7203.0,2017-10-23 00:00:00+00:00
CAISO,1hr,DAM,-7567.0,2017-10-23 01:00:00+00:00
CAISO,1hr,DAM,-7505.0,2017-10-23 02:00:00+00:00
CAISO,1hr,DAM,-7464.0,2017-10-23 03:00:00+00:00
CAISO,1hr,DAM,-7250.0,2017-10-23 04:00:00+00:00
CAISO,1hr,DAM,-6883.0,2017-10-23 05:00:00+00:00
CAISO,1hr,DAM,-6724.0,2017-10-23 06:00:00+00:00
CAISO,1hr,DAM,-6578.6,2017-10-23 07:00:00+00:00
CAISO,1hr,DAM,-6477.2,2017-10-23 08:00:00+00:00
CAISO,1hr,DAM,-6283.0,2017-10-23 09:00:00+00:00
CAISO,1hr,DAM,-6192.0,2017-10-23 10:00:00+00:00
CAISO,1hr,DAM,-6415.0,2017-10-23 11:00:00+00:00
CAISO,1hr,DAM,-6805.43,2017-10-23 12:00:00+00:00
CAISO,1hr,DAM,-7566.83,2017-10-23 13:00:00+00:00
CAISO,1hr,DAM,-7361.73,2017-10-23 14:00:00+00:00
CAISO,1hr,DAM,-6808.99,2017-10-23 15:00:00+00:00
CAISO,1hr,DAM,-5968.0,2017-10-23 16:00:00+00:00
CAISO,1hr,DAM,-5642.0,2017-10-23 17:00:00+00:00
CAISO,1hr,DAM,-5688.62,2017-10-23 18:00:00+00:00
CAISO,1hr,DAM,-6347.0,2017-10-23 19:00:00+00:00
CAISO,1hr,DAM,-6548.91,2017-10-23 20:00:00+00:00
CAISO,1hr,DAM,-6703.040000000001,2017-10-23 21:00:00+00:00
CAISO,1hr,DAM,-6686.34,2017-10-23 22:00:00+00:00
CAISO,1hr,DAM,-6674.0,2017-10-23 23:00:00+00:00
CAISO,1hr,DAM,-6854.0,2017-10-24 00:00:00+00:00
CAISO,1hr,DAM,-6945.0,2017-10-24 01:00:00+00:00
CAISO,1hr,DAM,-7393.0,2017-10-24 02:00:00+00:00
CAISO,1hr,DAM,-7600.0,2017-10-24 03:00:00+00:00
CAISO,1hr,DAM,-7455.0,2017-10-24 04:00:00+00:00
CAISO,1hr,DAM,-6713.0,2017-10-24 05:00:00+00:00
CAISO,1hr,DAM,-6691.0,2017-10-24 06:00:00+00:00
CAISO,1hr,DAM,-6607.8,2017-10-24 07:00:00+00:00
CAISO,1hr,DAM,-6615.4,2017-10-24 08:00:00+00:00
CAISO,1hr,DAM,-6477.0,2017-10-24 09:00:00+00:00
CAISO,1hr,DAM,-6506.0,2017-10-24 10:00:00+00:00
CAISO,1hr,DAM,-6487.2,2017-10-24 11:00:00+00:00
CAISO,1hr,DAM,-6583.6,2017-10-24 12:00:00+00:00
CAISO,1hr,DAM,-7266.24,2017-10-24 13:00:00+00:00
CAISO,1hr,DAM,-7054.0,2017-10-24 14:00:00+00:00
CAISO,1hr,DAM,-6698.0,2017-10-24 15:00:00+00:00
CAISO,1hr,DAM,-5800.6,2017-10-24 16:00:00+00:00
CAISO,1hr,DAM,-5684.69,2017-10-24 17:00:00+00:00
CAISO,1hr,DAM,-6133.6,2017-10-24 18:00:00+00:00
CAISO,1hr,DAM,-6271.0,2017-10-24 19:00:00+00:00
CAISO,1hr,DAM,-6430.0,2017-10-24 20:00:00+00:00
CAISO,1hr,DAM,-6638.1,2017-10-24 21:00:00+00:00
CAISO,1hr,DAM,-6674.0,2017-10-24 22:00:00+00:00
CAISO,1hr,DAM,-7224.0,2017-10-24 23:00:00+00:00
CAISO,1hr,DAM,-7485.0,2017-10-25 00:00:00+00:00
CAISO,1hr,DAM,-7707.0,2017-10-25 01:00:00+00:00
CAISO,1hr,DAM,-7699.0,2017-10-25 02:00:00+00:00
CAISO,1hr,DAM,-7762.889999999999,2017-10-25 03:00:00+00:00
CAISO,1hr,DAM,-7513.51,2017-10-25 04:00:00+00:00
CAISO,1hr,DAM,-6683.0,2017-10-25 05:00:00+00:00
CAISO,1hr,DAM,-6528.0,2017-10-25 06:00:00+00:00
CAISO,1hr,DAM,-6851.0,2017-10-25 07:00:00+00:00
CAISO,1hr,DAM,-6580.6,2017-10-25 08:00:00+00:00
CAISO,1hr,DAM,-6128.2,2017-10-25 09:00:00+00:00
CAISO,1hr,DAM,-6074.0,2017-10-25 10:00:00+00:00
CAISO,1hr,DAM,-6211.43,2017-10-25 11:00:00+00:00
CAISO,1hr,DAM,-6627.01,2017-10-25 12:00:00+00:00
CAISO,1hr,DAM,-7897.43,2017-10-25 13:00:00+00:00
CAISO,1hr,DAM,-7687.9,2017-10-25 14:00:00+00:00
CAISO,1hr,DAM,-7584.07,2017-10-25 15:00:00+00:00
CAISO,1hr,DAM,-6936.0,2017-10-25 16:00:00+00:00
CAISO,1hr,DAM,-6957.0,2017-10-25 17:00:00+00:00
CAISO,1hr,DAM,-7010.0,2017-10-25 18:00:00+00:00
CAISO,1hr,DAM,-7006.0,2017-10-25 19:00:00+00:00
CAISO,1hr,DAM,-6919.32,2017-10-25 20:00:00+00:00
CAISO,1hr,DAM,-7079.02,2017-10-25 21:00:00+00:00
CAISO,1hr,DAM,-7310.0,2017-10-25 22:00:00+00:00
CAISO,1hr,DAM,-6913.0,2017-10-25 23:00:00+00:00
CAISO,1hr,DAM,-7572.959999999999,2017-10-26 00:00:00+00:00
CAISO,1hr,DAM,-7703.49,2017-10-26 01:00:00+00:00
CAISO,1hr,DAM,-7737.0,2017-10-26 02:00:00+00:00
CAISO,1hr,DAM,-7834.719999999999,2017-10-26 03:00:00+00:00
CAISO,1hr,DAM,-7891.6900000000005,2017-10-26 04:00:00+00:00
CAISO,1hr,DAM,-7053.09,2017-10-26 05:00:00+00:00
CAISO,1hr,DAM,-7093.13,2017-10-26 06:00:00+00:00
CAISO,1hr,DAM,-6754.96,2017-10-26 07:00:00+00:00
CAISO,1hr,DAM,-6712.6,2017-10-26 08:00:00+00:00
CAISO,1hr,DAM,-6340.2,2017-10-26 09:00:00+00:00
CAISO,1hr,DAM,-6144.0,2017-10-26 10:00:00+00:00
CAISO,1hr,DAM,-6185.2,2017-10-26 11:00:00+00:00
CAISO,1hr,DAM,-6659.6,2017-10-26 12:00:00+00:00
CAISO,1hr,DAM,-7533.57,2017-10-26 13:00:00+00:00
CAISO,1hr,DAM,-7675.0,2017-10-26 14:00:00+00:00
CAISO,1hr,DAM,-6842.6,2017-10-26 15:00:00+00:00
CAISO,1hr,DAM,-6243.2,2017-10-26 16:00:00+00:00
CAISO,1hr,DAM,-6148.0,2017-10-26 17:00:00+00:00
CAISO,1hr,DAM,-6231.0,2017-10-26 18:00:00+00:00
CAISO,1hr,DAM,-6351.99,2017-10-26 19:00:00+00:00
CAISO,1hr,DAM,-6654.39,2017-10-26 20:00:00+00:00
CAISO,1hr,DAM,-6838.0,2017-10-26 21:00:00+00:00
CAISO,1hr,DAM,-6964.0,2017-10-26 22:00:00+00:00
CAISO,1hr,DAM,-7004.97,2017-10-26 23:00:00+00:00
CAISO,1hr,DAM,-7311.0,2017-10-27 00:00:00+00:00
CAISO,1hr,DAM,-7179.0,2017-10-27 01:00:00+00:00
CAISO,1hr,DAM,-7542.0,2017-10-27 02:00:00+00:00
CAISO,1hr,DAM,-7612.370000000001,2017-10-27 03:00:00+00:00
CAISO,1hr,DAM,-7565.3099999999995,2017-10-27 04:00:00+00:00
CAISO,1hr,DAM,-7035.44,2017-10-27 05:00:00+00:00
CAISO,1hr,DAM,-6817.6,2017-10-27 06:00:00+00:00
CAISO,1hr,DAM,-6359.8,2017-10-27 07:00:00+00:00
CAISO,1hr,DAM,-6185.4,2017-10-27 08:00:00+00:00
CAISO,1hr,DAM,-5637.8,2017-10-27 09:00:00+00:00
CAISO,1hr,DAM,-5645.0,2017-10-27 10:00:00+00:00
CAISO,1hr,DAM,-5892.2,2017-10-27 11:00:00+00:00
CAISO,1hr,DAM,-6414.6,2017-10-27 12:00:00+00:00
CAISO,1hr,DAM,-7444.0,2017-10-27 13:00:00+00:00
CAISO,1hr,DAM,-7383.0,2017-10-27 14:00:00+00:00
CAISO,1hr,DAM,-6706.6,2017-10-27 15:00:00+00:00
CAISO,1hr,DAM,-6322.08,2017-10-27 16:00:00+00:00
CAISO,1hr,DAM,-5889.0,2017-10-27 17:00:00+00:00
CAISO,1hr,DAM,-6078.1,2017-10-27 18:00:00+00:00
CAISO,1hr,DAM,-6181.67,2017-10-27 19:00:00+00:00
CAISO,1hr,DAM,-6311.2,2017-10-27 20:00:00+00:00
CAISO,1hr,DAM,-6122.6,2017-10-27 21:00:00+00:00
CAISO,1hr,DAM,-6672.0,2017-10-27 22:00:00+00:00
CAISO,1hr,DAM,-6618.0,2017-10-27 23:00:00+00:00
CAISO,1hr,DAM,-7136.0,2017-10-28 00:00:00+00:00
CAISO,1hr,DAM,-7431.0,2017-10-28 01:00:00+00:00
CAISO,1hr,DAM,-7176.0,2017-10-28 02:00:00+00:00
CAISO,1hr,DAM,-7293.0,2017-10-28 03:00:00+00:00
CAISO,1hr,DAM,-7131.0,2017-10-28 04:00:00+00:00
CAISO,1hr,DAM,-6629.0,2017-10-28 05:00:00+00:00
CAISO,1hr,DAM,-6355.0,2017-10-28 06:00:00+00:00
CAISO,1hr,DAM,-6129.6,2017-10-28 07:00:00+00:00
CAISO,1hr,DAM,-5741.43,2017-10-28 08:00:00+00:00
CAISO,1hr,DAM,-6050.0,2017-10-28 09:00:00+00:00
CAISO,1hr,DAM,-5729.0,2017-10-28 10:00:00+00:00
CAISO,1hr,DAM,-5940.0,2017-10-28 11:00:00+00:00
CAISO,1hr,DAM,-6259.0,2017-10-28 12:00:00+00:00
CAISO,1hr,DAM,-6887.0,2017-10-28 13:00:00+00:00
CAISO,1hr,DAM,-6781.0,2017-10-28 14:00:00+00:00
CAISO,1hr,DAM,-6677.0,2017-10-28 15:00:00+00:00
CAISO,1hr,DAM,-5323.0,2017-10-28 16:00:00+00:00
CAISO,1hr,DAM,-5100.0,2017-10-28 17:00:00+00:00
CAISO,1hr,DAM,-5282.89,2017-10-28 18:00:00+00:00
CAISO,1hr,DAM,-5397.0,2017-10-28 19:00:00+00:00
CAISO,1hr,DAM,-5997.0,2017-10-28 20:00:00+00:00
CAISO,1hr,DAM,-6259.2,2017-10-28 21:00:00+00:00
CAISO,1hr,DAM,-6837.6,2017-10-28 22:00:00+00:00
CAISO,1hr,DAM,-6823.0,2017-10-28 23:00:00+00:00
CAISO,1hr,DAM,-7234.0,2017-10-29 00:00:00+00:00
CAISO,1hr,DAM,-7256.299999999999,2017-10-29 01:00:00+00:00
CAISO,1hr,DAM,-7447.0,2017-10-29 02:00:00+00:00
CAISO,1hr,DAM,-7601.0,2017-10-29 03:00:00+00:00
CAISO,1hr,DAM,-7476.0,2017-10-29 04:00:00+00:00
CAISO,1hr,DAM,-6567.0,2017-10-29 05:00:00+00:00
CAISO,1hr,DAM,-5781.6,2017-10-29 06:00:00+00:00
CAISO,1hr,DAM,-5521.2,2017-10-29 07:00:00+00:00
CAISO,1hr,DAM,-5584.0,2017-10-29 08:00:00+00:00
CAISO,1hr,DAM,-5499.0,2017-10-29 09:00:00+00:00
CAISO,1hr,DAM,-5537.0,2017-10-29 10:00:00+00:00
CAISO,1hr,DAM,-5511.0,2017-10-29 11:00:00+00:00
CAISO,1hr,DAM,-5570.0,2017-10-29 12:00:00+00:00
CAISO,1hr,DAM,-5926.0,2017-10-29 13:00:00+00:00
CAISO,1hr,DAM,-5859.0,2017-10-29 14:00:00+00:00
CAISO,1hr,DAM,-4963.33,2017-10-29 15:00:00+00:00
CAISO,1hr,DAM,-3719.0,2017-10-29 16:00:00+00:00
CAISO,1hr,DAM,-3512.0,2017-10-29 17:00:00+00:00
CAISO,1hr,DAM,-3556.0,2017-10-29 18:00:00+00:00
CAISO,1hr,DAM,-3699.96,2017-10-29 19:00:00+00:00
CAISO,1hr,DAM,-4083.0,2017-10-29 20:00:00+00:00
CAISO,1hr,DAM,-4465.0,2017-10-29 21:00:00+00:00
CAISO,1hr,DAM,-5207.49,2017-10-29 22:00:00+00:00
CAISO,1hr,DAM,-5841.6,2017-10-29 23:00:00+00:00
CAISO,1hr,DAM,-6793.0,2017-10-30 00:00:00+00:00
CAISO,1hr,DAM,-6807.0,2017-10-30 01:00:00+00:00
CAISO,1hr,DAM,-6988.0,2017-10-30 02:00:00+00:00
CAISO,1hr,DAM,-6774.0,2017-10-30 03:00:00+00:00
CAISO,1hr,DAM,-6543.64,2017-10-30 04:00:00+00:00
CAISO,1hr,DAM,-6233.4,2017-10-30 05:00:00+00:00
CAISO,1hr,DAM,-5950.0,2017-10-30 06:00:00+00:00
CAISO,1hr,DAM,-5128.0,2017-10-30 07:00:00+00:00
CAISO,1hr,DAM,-5178.0,2017-10-30 08:00:00+00:00
CAISO,1hr,DAM,-4702.49,2017-10-30 09:00:00+00:00
CAISO,1hr,DAM,-4811.0,2017-10-30 10:00:00+00:00
CAISO,1hr,DAM,-5232.0,2017-10-30 11:00:00+00:00
CAISO,1hr,DAM,-5688.4,2017-10-30 12:00:00+00:00
CAISO,1hr,DAM,-6624.8,2017-10-30 13:00:00+00:00
CAISO,1hr,DAM,-6541.0,2017-10-30 14:00:00+00:00
CAISO,1hr,DAM,-6128.37,2017-10-30 15:00:00+00:00
CAISO,1hr,DAM,-5594.2,2017-10-30 16:00:00+00:00
CAISO,1hr,DAM,-4999.39,2017-10-30 17:00:00+00:00
CAISO,1hr,DAM,-4908.66,2017-10-30 18:00:00+00:00
CAISO,1hr,DAM,-4950.0,2017-10-30 19:00:00+00:00
CAISO,1hr,DAM,-5127.0,2017-10-30 20:00:00+00:00
CAISO,1hr,DAM,-5239.0,2017-10-30 21:00:00+00:00
CAISO,1hr,DAM,-5358.0,2017-10-30 22:00:00+00:00
CAISO,1hr,DAM,-6017.4,2017-10-30 23:00:00+00:00
CAISO,1hr,DAM,-7034.860000000001,2017-10-31 00:00:00+00:00
CAISO,1hr,DAM,-7134.0,2017-10-31 01:00:00+00:00
CAISO,1hr,DAM,-7174.0,2017-10-31 02:00:00+00:00
CAISO,1hr,DAM,-7244.0,2017-10-31 03:00:00+00:00
CAISO,1hr,DAM,-7096.0,2017-10-31 04:00:00+00:00
CAISO,1hr,DAM,-6121.6,2017-10-31 05:00:00+00:00
CAISO,1hr,DAM,-5655.2,2017-10-31 06:00:00+00:00
CAISO,1hr,DAM,-5176.0,2017-10-31 07:00:00+00:00
CAISO,1hr,DAM,-5150.0,2017-10-31 08:00:00+00:00
CAISO,1hr,DAM,-4875.38,2017-10-31 09:00:00+00:00
CAISO,1hr,DAM,-4888.52,2017-10-31 10:00:00+00:00
CAISO,1hr,DAM,-5228.0,2017-10-31 11:00:00+00:00
CAISO,1hr,DAM,-5701.4,2017-10-31 12:00:00+00:00
CAISO,1hr,DAM,-6914.8,2017-10-31 13:00:00+00:00
CAISO,1hr,DAM,-7015.0,2017-10-31 14:00:00+00:00
CAISO,1hr,DAM,-6383.69,2017-10-31 15:00:00+00:00
CAISO,1hr,DAM,-5807.58,2017-10-31 16:00:00+00:00
CAISO,1hr,DAM,-5510.0,2017-10-31 17:00:00+00:00
CAISO,1hr,DAM,-5411.37,2017-10-31 18:00:00+00:00
CAISO,1hr,DAM,-5164.0,2017-10-31 19:00:00+00:00
CAISO,1hr,DAM,-5255.0,2017-10-31 20:00:00+00:00
CAISO,1hr,DAM,-5543.0,2017-10-31 21:00:00+00:00
CAISO,1hr,DAM,-5738.0,2017-10-31 22:00:00+00:00
CAISO,1hr,DAM,-6594.47,2017-10-31 23:00:00+00:00
CAISO,1hr,DAM,-7152.870000000001,2017-11-01 00:00:00+00:00
CAISO,1hr,DAM,-7210.57,2017-11-01 01:00:00+00:00
CAISO,1hr,DAM,-7096.91,2017-11-01 02:00:00+00:00
CAISO,1hr,DAM,-7232.0,2017-11-01 03:00:00+00:00
CAISO,1hr,DAM,-7209.18,2017-11-01 04:00:00+00:00
CAISO,1hr,DAM,-6351.0,2017-11-01 05:00:00+00:00
